time,seconds_elapsed,z,y,x
1772648621070438700,0.073438720703125,-0.06402567774057388,0.06538143008947372,-0.06107914447784424
1772648621080481500,0.0834814453125,-0.043331537395715714,0.06244542449712753,-0.012622170150279999
1772648621090525700,0.093525634765625,-0.02478688210248947,0.06991931796073914,0.04157928377389908
1772648621100568600,0.103568603515625,-0.01533573493361473,0.079330675303936,0.0796150416135788
1772648621110612700,0.11361279296875,-0.011544991284608841,0.07881402224302292,0.10636889189481735
1772648621120655600,0.123655517578125,-0.015581443905830383,0.0684714987874031,0.12098706513643265
1772648621130698500,0.133698486328125,-0.012710822746157646,0.04464978724718094,0.12617197632789612
1772648621140742700,0.14374267578125,-0.013528233394026756,0.040383148938417435,0.12578776478767395
1772648621150785500,0.15378564453125,-0.011691717430949211,0.05032233148813248,0.11758363246917725
1772648621160829400,0.163829345703125,-0.014136570505797863,0.049869466572999954,0.08890429139137268
1772648621170872600,0.17387255859375,-0.010739442892372608,0.03456694260239601,0.062098775058984756
1772648621180915700,0.183915771484375,-0.007241279352456331,0.015217337757349014,0.033107154071331024
1772648621190959400,0.19395947265625,-0.0029312195256352425,-0.015777863562107086,0.014613630250096321
1772648621201002500,0.20400244140625,0.0005345541285350919,-0.04195462912321091,0.0067968834191560745
1772648621211046400,0.21404638671875,-0.002372019924223423,-0.07155859470367432,0.0073505546897649765
1772648621221089500,0.224089599609375,0.004626336041837931,-0.09586141258478165,0.013136353343725204
1772648621231132400,0.23413232421875,0.013623027130961418,-0.10069584846496582,0.02069520391523838
1772648621241176600,0.244176513671875,0.016850043088197708,-0.09814424812793732,0.02683921903371811
1772648621251219500,0.254219482421875,0.025813443586230278,-0.0957343578338623,0.024216538295149803
1772648621261263600,0.264263671875,0.03799375891685486,-0.08284956961870193,0.020485183224081993
1772648621271306500,0.274306396484375,0.040861714631319046,-0.07305978983640671,0.013412360101938248
1772648621281349400,0.284349365234375,0.044986240565776825,-0.060475826263427734,-0.004208526574075222
1772648621291393500,0.2943935546875,0.054490529000759125,-0.03175416588783264,-0.028441429138183594
1772648621301436400,0.3044365234375,0.07132285833358765,-0.002258602064102888,-0.06341147422790527
1772648621311480600,0.31448046875,0.08849199116230011,0.01374806184321642,-0.09495235979557037
1772648621321523500,0.3245234375,0.09996522217988968,0.0039716195315122604,-0.131415456533432
1772648621331566600,0.334566650390625,0.0945824384689331,-0.008748969063162804,-0.15387815237045288
1772648621341610500,0.344610595703125,0.09813105314970016,-0.015833934769034386,-0.1728789508342743
1772648621351653600,0.354653564453125,0.09914358705282211,-0.02848794497549534,-0.1884230226278305
1772648621361697500,0.364697509765625,0.10026850551366806,-0.05726819485425949,-0.193206325173378
1772648621371740700,0.37474072265625,0.08717454224824905,-0.08284439146518707,-0.1937466859817505
1772648621381783600,0.384783447265625,0.06726031750440598,-0.09082213789224625,-0.19353240728378296
1772648621391827500,0.394827392578125,0.04503357410430908,-0.0971338301897049,-0.20322364568710327
1772648621401870600,0.40487060546875,0.035374343395233154,-0.1201946884393692,-0.2254342883825302
1772648621411914500,0.41491455078125,0.0393267422914505,-0.14059501886367798,-0.23459076881408691
1772648621421957400,0.424957275390625,0.05119065195322037,-0.14335007965564728,-0.2292049378156662
1772648621432000500,0.43500048828125,0.07479371130466461,-0.10031632333993912,-0.21359987556934357
1772648621442044400,0.44504443359375,0.10456999391317368,-0.047762431204319,-0.20463550090789795
1772648621452087300,0.45508740234375,0.12261797487735748,0.006809197831898928,-0.20882385969161987
1772648621462131500,0.46513134765625,0.1039327010512352,0.02010662667453289,-0.2129589468240738
1772648621472174300,0.47517431640625,0.11142337322235107,0.03288261219859123,-0.18263618648052216
1772648621482218500,0.485218505859375,0.025428012013435364,0.11004957556724548,-0.11509343236684799
1772648621492261400,0.495261474609375,-0.013780109584331512,0.10984796285629272,-0.03939015418291092
1772648621502304500,0.505304443359375,0.020126694813370705,0.07504364848136902,0.05584069341421127
1772648621512348400,0.515348388671875,0.05776195600628853,0.0852145329117775,0.13315492868423462
1772648621522391600,0.5253916015625,0.10289643704891205,0.0682176947593689,0.19894011318683624
1772648621532435500,0.535435546875,0.1246105208992958,0.13981251418590546,0.25778985023498535
1772648621542478600,0.545478515625,0.12756991386413574,0.3039194643497467,0.34531745314598083
1772648621552521500,0.555521484375,0.1525018960237503,0.4794960916042328,0.4210367202758789
1772648621562565600,0.565565673828125,0.19120925664901733,0.5496285557746887,0.4783211648464203
1772648621572608500,0.5756083984375,0.1653321236371994,0.5606572031974792,0.5174750089645386
1772648621582652700,0.585652587890625,0.1607215702533722,0.4212053120136261,0.5932222604751587
1772648621592695600,0.595695556640625,0.15743549168109894,0.30769020318984985,0.7215072512626648
1772648621602738700,0.60573876953125,0.1204996258020401,0.3292803168296814,0.880264937877655
1772648621612782600,0.615782470703125,0.05015275627374649,0.3852634131908417,1.0297670364379883
1772648621622825700,0.62582568359375,0.018904389813542366,0.17287886142730713,1.1455904245376587
1772648621632869400,0.635869384765625,0.04142274707555771,-0.1570305973291397,1.2529988288879395
1772648621642912500,0.64591259765625,0.09391915798187256,-0.3554355502128601,1.4004249572753906
1772648621652955000,0.655954833984375,0.12166210263967514,-0.08752927929162979,1.5297454595565796
1772648621662999000,0.6659990234375,0.10734166949987411,0.17931415140628815,1.5608173608779907
1772648621673042000,0.6760419921875,0.04780803993344307,0.2185307890176773,1.4448825120925903
1772648621683085800,0.6860859375,-0.07600454241037369,0.16272610425949097,1.2159526348114014
1772648621693128700,0.696128662109375,-0.2210024744272232,0.10733526945114136,0.9108748435974121
1772648621703171800,0.706171875,-0.3783639669418335,0.16031888127326965,0.5717029571533203
1772648621713215700,0.7162158203125,-0.5316003561019897,0.2633017301559448,0.19493360817432404
1772648621723258600,0.726258544921875,-0.5606570839881897,0.31101515889167786,-0.16178037226200104
1772648621733302800,0.736302734375,-0.5073435306549072,0.3024775981903076,-0.4533432424068451
1772648621743345700,0.746345703125,-0.36890465021133423,0.31801342964172363,-0.6272197961807251
1772648621753388800,0.756388916015625,-0.23760254681110382,0.29619601368904114,-0.6998242735862732
1772648621763432700,0.7664326171875,-0.10350197553634644,0.362748384475708,-0.6819392442703247
1772648621773475800,0.776475830078125,-0.023272652179002762,0.47298967838287354,-0.6172491908073425
1772648621783519700,0.786519775390625,-0.009304048493504524,0.5588268041610718,-0.5389649271965027
1772648621793563000,0.79656298828125,0.03291797265410423,0.6263867020606995,-0.42857152223587036
1772648621803605800,0.806605712890625,0.08730019629001617,0.6398367285728455,-0.3079512417316437
1772648621813650000,0.81664990234375,0.12043018639087677,0.573228120803833,-0.19276472926139832
1772648621823692800,0.82669287109375,0.06145506352186203,0.47303617000579834,-0.06395673006772995
1772648621833737000,0.836737060546875,-0.09265461564064026,0.14908044040203094,0.0553121417760849
1772648621843779800,0.84677978515625,-0.26331835985183716,-0.23362962901592255,0.14236897230148315
1772648621853823000,0.856822998046875,-0.3268701732158661,-0.4482481777667999,0.19773156940937042
1772648621863867000,0.866866943359375,-0.3326425552368164,-0.5296999216079712,0.21912053227424622
1772648621873910000,0.876909912109375,-0.3563169836997986,-0.4891703426837921,0.22125399112701416
1772648621883954000,0.886953857421875,-0.42924854159355164,-0.4173996150493622,0.19769833981990814
1772648621893997000,0.8969970703125,-0.5115039944648743,-0.43294528126716614,0.11621465533971786
1772648621904040700,0.907040771484375,-0.5641657710075378,-0.48821425437927246,-0.018980324268341064
1772648621914083800,0.917083740234375,-0.5873933434486389,-0.553930938243866,-0.1600290685892105
1772648621924127000,0.927126953125,-0.5950895547866821,-0.7041860222816467,-0.33455517888069153
1772648621934171000,0.9371708984375,-0.5811977386474609,-0.8937556743621826,-0.5197444558143616
1772648621944213800,0.9472138671875,-0.5350310802459717,-1.0488529205322266,-0.6794299483299255
1772648621954258000,0.9572578125,-0.4732186496257782,-1.1159862279891968,-0.762406587600708
1772648621964300800,0.96730078125,-0.4254593551158905,-1.0613852739334106,-0.7468188405036926
1772648621974343700,0.97734375,-0.40734612941741943,-0.901930034160614,-0.6520771384239197
1772648621984387800,0.987387939453125,-0.4342290759086609,-0.6685979962348938,-0.5242721438407898
1772648621994430700,0.9974306640625,-0.47283825278282166,-0.44134965538978577,-0.38185667991638184
1772648622004475000,1.007474853515625,-0.4873464107513428,-0.29049980640411377,-0.26673251390457153
1772648622014517800,1.017517822265625,-0.463870108127594,-0.1799192577600479,-0.18346665799617767
1772648622024561000,1.027560791015625,-0.41381436586380005,-0.13085438311100006,-0.13009881973266602
1772648622034604800,1.037604736328125,-0.3470239043235779,-0.13305281102657318,-0.08982622623443604
1772648622044648000,1.04764794921875,-0.2813667953014374,-0.1553734540939331,-0.047691330313682556
1772648622054691800,1.05769189453125,-0.22782766819000244,-0.17623426020145416,0.0015324086416512728
1772648622064735000,1.06773486328125,-0.1946420818567276,-0.17538443207740784,0.05940810218453407
1772648622074777900,1.07777783203125,-0.1739133596420288,-0.1670657843351364,0.11804851144552231
1772648622084822000,1.087822021484375,-0.17498144507408142,-0.17039236426353455,0.1638479381799698
1772648622094865000,1.097864990234375,-0.1922922432422638,-0.18412068486213684,0.17800450325012207
1772648622104909000,1.107908935546875,-0.23406468331813812,-0.20048990845680237,0.17100724577903748
1772648622114952000,1.117951904296875,-0.2852727472782135,-0.22680912911891937,0.12857963144779205
1772648622124994800,1.127994873046875,-0.3417862057685852,-0.2842809855937958,0.049602627754211426
1772648622135039000,1.1380390625,-0.3823655843734741,-0.3782101273536682,-0.05068642273545265
1772648622145081900,1.148081787109375,-0.39911484718322754,-0.48605844378471375,-0.14409585297107697
1772648622155125800,1.158125732421875,-0.38820573687553406,-0.5602397322654724,-0.20156313478946686
1772648622165168600,1.168168701171875,-0.380952388048172,-0.571519672870636,-0.2238960713148117
1772648622175212000,1.1782119140625,-0.3721884489059448,-0.5430262088775635,-0.21254754066467285
1772648622185255700,1.188255615234375,-0.36948129534721375,-0.4769511818885803,-0.19251394271850586
1772648622195298800,1.198298828125,-0.3620774447917938,-0.3869669735431671,-0.17092369496822357
1772648622205342700,1.2083427734375,-0.34791556000709534,-0.29189106822013855,-0.1614268571138382
1772648622215385900,1.2183857421875,-0.3261878788471222,-0.21018822491168976,-0.16554170846939087
1772648622225428700,1.2284287109375,-0.29127833247184753,-0.12663713097572327,-0.16879816353321075
1772648622235473000,1.238472900390625,-0.2548244595527649,-0.05842665582895279,-0.17413301765918732
1772648622245515800,1.248515869140625,-0.2187117040157318,0.006648083683103323,-0.17580291628837585
1772648622255560000,1.258559814453125,-0.18191401660442352,0.05169758200645447,-0.18467576801776886
1772648622265602800,1.268602783203125,-0.1431370973587036,0.07231032103300095,-0.206775963306427
1772648622275645700,1.278645751953125,-0.10449942946434021,0.06870493292808533,-0.22475071251392365
1772648622285689900,1.28868994140625,-0.07355841249227524,0.050075601786375046,-0.2401765137910843
1772648622295732700,1.298732666015625,-0.053987905383110046,0.025212064385414124,-0.2446085512638092
1772648622305777000,1.30877685546875,-0.034764546900987625,-0.00956150982528925,-0.23065343499183655
1772648622315819800,1.31881982421875,-0.02263304777443409,-0.03258746489882469,-0.22037816047668457
1772648622325863000,1.32886279296875,-0.020681072026491165,-0.04211707040667534,-0.20724502205848694
1772648622335906800,1.33890673828125,-0.020390521734952927,-0.05066022649407387,-0.2088913768529892
1772648622345950000,1.348949951171875,-0.022475244477391243,-0.0831310898065567,-0.23153331875801086
1772648622355993900,1.358993896484375,-0.02365635521709919,-0.1155710518360138,-0.27901318669319153
1772648622366037000,1.369037109375,-0.012144345790147781,-0.13415655493736267,-0.32205307483673096
1772648622376080600,1.37908056640625,0.00913937110453844,-0.13464178144931793,-0.3706064820289612
1772648622386123800,1.389123779296875,0.031196359544992447,-0.1123531311750412,-0.41370314359664917
1772648622396167000,1.3991669921875,0.054123781621456146,-0.10215376317501068,-0.45043453574180603
1772648622406210800,1.4092109375,0.06450948864221573,-0.062125109136104584,-0.46190759539604187
1772648622416253700,1.419253662109375,0.06692710518836975,-0.023732712492346764,-0.45131462812423706
1772648622426297900,1.4292978515625,0.06097093224525452,-0.0055881948210299015,-0.4306667745113373
1772648622436340700,1.4393408203125,0.05559161677956581,0.0029134140349924564,-0.4073502719402313
1772648622446383900,1.4493837890625,0.06084694713354111,-0.0009330026805400848,-0.3682881295681
1772648622456427800,1.459427734375,0.06999384611845016,0.007440241985023022,-0.32348549365997314
1772648622466471000,1.469470947265625,0.08230005204677582,0.015328390523791313,-0.27908483147621155
1772648622476514800,1.479514892578125,0.10769302397966385,0.017036275938153267,-0.23771369457244873
1772648622486558000,1.489557861328125,0.1442345231771469,0.02333691716194153,-0.19848735630512238
1772648622496600800,1.499600830078125,0.19037804007530212,0.029764987528324127,-0.1610369235277176
1772648622506645000,1.50964501953125,0.23539087176322937,0.04244495928287506,-0.13087712228298187
1772648622516688000,1.51968798828125,0.27106282114982605,0.057794615626335144,-0.1170172467827797
1772648622526731800,1.529731689453125,0.2984103560447693,0.05247125402092934,-0.12433983385562897
1772648622536775000,1.53977490234375,0.32025599479675293,0.023088861256837845,-0.13838186860084534
1772648622546817800,1.54981787109375,0.33998724818229675,0.011538047343492508,-0.13578322529792786
1772648622556862000,1.559862060546875,0.3569832742214203,0.034928325563669205,-0.1162838265299797
1772648622566904800,1.56990478515625,0.3809240460395813,0.06397665292024612,-0.08670023083686829
1772648622576949000,1.579948974609375,0.4049217998981476,0.07105613499879837,-0.04680581018328667
1772648622586991900,1.589991943359375,0.40962332487106323,0.0343639999628067,-0.004367681220173836
1772648622597035000,1.600034912109375,0.3932211697101593,-0.007683849893510342,0.031754638999700546
1772648622607079000,1.610078857421875,0.3676612079143524,-0.037796080112457275,0.05321827903389931
1772648622617122000,1.6201220703125,0.34604114294052124,-0.04452162981033325,0.06377717852592468
1772648622627165700,1.630165771484375,0.3148312568664551,-0.0328691229224205,0.05367294326424599
1772648622637208800,1.640208740234375,0.27827244997024536,-0.029499690979719162,0.0249230545014143
1772648622647252000,1.650251953125,0.2214774340391159,-0.010525714606046677,-0.016262033954262733
1772648622657296000,1.6602958984375,0.16839371621608734,0.011387307196855545,-0.05855515971779823
1772648622667338800,1.6703388671875,0.11092974990606308,0.02164914645254612,-0.1104230284690857
1772648622677383000,1.6803828125,0.05092313885688782,0.018984921276569366,-0.15372629463672638
1772648622687425800,1.69042578125,0.0008219445589929819,0.004871758166700602,-0.1869128793478012
1772648622697468700,1.70046875,-0.030252085998654366,0.0037159458734095097,-0.19028577208518982
1772648622707512800,1.710512939453125,-0.0313982218503952,0.02171996980905533,-0.1596112996339798
1772648622717555700,1.7205556640625,-0.007790365722030401,0.06253477931022644,-0.09129723161458969
1772648622727599900,1.730599853515625,0.041896842420101166,0.11977158486843109,-0.003141275141388178
1772648622737642800,1.740642822265625,0.1040923073887825,0.1862185150384903,0.09406250715255737
1772648622747686000,1.750685791015625,0.1778595745563507,0.25748908519744873,0.18520262837409973
1772648622757729800,1.760729736328125,0.23709121346473694,0.31183409690856934,0.2569122314453125
1772648622767773000,1.77077294921875,0.27794626355171204,0.33226507902145386,0.29422590136528015
1772648622777816800,1.78081689453125,0.29534098505973816,0.3033396899700165,0.3015802204608917
1772648622787860000,1.79085986328125,0.29877057671546936,0.2446426898241043,0.28654271364212036
1772648622797902800,1.80090283203125,0.28083711862564087,0.15758846700191498,0.26290103793144226
1772648622807947000,1.810947021484375,0.2508702874183655,0.07492808997631073,0.24719437956809998
1772648622817990000,1.820989990234375,0.2091454714536667,0.009352274239063263,0.23769141733646393
1772648622828034000,1.831033935546875,0.16743651032447815,-0.03819062560796738,0.23194685578346252
1772648622838077000,1.841076904296875,0.1321200579404831,-0.07701392471790314,0.24242985248565674
1772648622848119800,1.851119873046875,0.11226349323987961,-0.07852352410554886,0.2641807496547699
1772648622858163700,1.861163818359375,0.09005618840456009,-0.07193353772163391,0.26348191499710083
1772648622868206800,1.871206787109375,0.05807878449559212,-0.08941585570573807,0.22919338941574097
1772648622878250800,1.881250732421875,0.025693945586681366,-0.1414971649646759,0.16565462946891785
1772648622888293600,1.891293701171875,-0.011831547133624554,-0.1927889883518219,0.07906349748373032
1772648622898336800,1.901336669921875,-0.04531094431877136,-0.23933838307857513,-0.008867952041327953
1772648622908380700,1.911380615234375,-0.07587876170873642,-0.29194194078445435,-0.08187011629343033
1772648622918423800,1.921423828125,-0.10716664791107178,-0.3386380672454834,-0.13593362271785736
1772648622928467700,1.9314677734375,-0.14364628493785858,-0.3647667467594147,-0.1715051680803299
1772648622938510800,1.9415107421875,-0.17920108139514923,-0.366347074508667,-0.18873955309391022
1772648622948553700,1.9515537109375,-0.20039750635623932,-0.3390142321586609,-0.18690289556980133
1772648622958598000,1.961597900390625,-0.20407134294509888,-0.2858692705631256,-0.16656939685344696
1772648622968640800,1.971640869140625,-0.20218567550182343,-0.1993548572063446,-0.13462822139263153
1772648622978685000,1.981684814453125,-0.19644762575626373,-0.08850956708192825,-0.09526190161705017
1772648622988727800,1.991727783203125,-0.184401735663414,0.02320496365427971,-0.05927083641290665
1772648622998771000,2.00177099609375,-0.16642352938652039,0.12422745674848557,-0.032176632434129715
1772648623008814800,2.01181494140625,-0.14651331305503845,0.1936500370502472,-0.014461347833275795
1772648623018858000,2.02185791015625,-0.13322734832763672,0.23838022351264954,-0.004096591845154762
1772648623028902000,2.03190185546875,-0.13277500867843628,0.246839240193367,0.001036610221490264
1772648623038945000,2.041945068359375,-0.14196158945560455,0.22855451703071594,-0.01657514087855816
1772648623048988000,2.05198779296875,-0.1553989201784134,0.18387067317962646,-0.04677929729223251
1772648623059032000,2.062031982421875,-0.178069069981575,0.11807727813720703,-0.08713604509830475
1772648623069075000,2.072074951171875,-0.2084036022424698,0.04458789527416229,-0.11740964651107788
1772648623079118800,2.082118896484375,-0.2522360384464264,-0.026589876040816307,-0.14174401760101318
1772648623089162000,2.092161865234375,-0.3034970462322235,-0.09070415794849396,-0.15029530227184296
1772648623099204900,2.102204833984375,-0.35637062788009644,-0.13535818457603455,-0.15370655059814453
1772648623109248800,2.112248779296875,-0.40521347522735596,-0.15809229016304016,-0.16748853027820587
1772648623119292000,2.1222919921875,-0.44414597749710083,-0.16928128898143768,-0.1837977170944214
1772648623129335800,2.132335693359375,-0.4618414640426636,-0.18101808428764343,-0.20614056289196014
1772648623139378700,2.142378662109375,-0.46824023127555847,-0.16835449635982513,-0.21637694537639618
1772648623149421800,2.152421875,-0.4575687348842621,-0.13570241630077362,-0.224000483751297
1772648623159465700,2.1624658203125,-0.44382309913635254,-0.10279612243175507,-0.2358797788619995
1772648623169508900,2.1725087890625,-0.4203334450721741,-0.07320930808782578,-0.2621212899684906
1772648623179552800,2.182552734375,-0.3908005654811859,-0.04983580857515335,-0.28711825609207153
1772648623189596000,2.192595947265625,-0.37239786982536316,-0.03308865427970886,-0.3108130991458893
1772648623199638800,2.202638671875,-0.35223108530044556,-0.03198317438364029,-0.33353039622306824
1772648623209683000,2.212682861328125,-0.3308553397655487,-0.040067750960588455,-0.3303709924221039
1772648623219725800,2.222725830078125,-0.3086371123790741,-0.042618528008461,-0.30497613549232483
1772648623229770000,2.23277001953125,-0.2854568362236023,-0.03702307492494583,-0.2527003586292267
1772648623239812900,2.242812744140625,-0.25960901379585266,-0.04654894024133682,-0.19382134079933167
1772648623249855700,2.252855712890625,-0.2336045205593109,-0.06759044528007507,-0.13441769778728485
1772648623259900000,2.26289990234375,-0.21111012995243073,-0.09535922110080719,-0.06553930044174194
1772648623269942800,2.27294287109375,-0.19571146368980408,-0.1281651109457016,-0.0068392385728657246
1772648623279987000,2.282987060546875,-0.19554369151592255,-0.17337413132190704,0.032772619277238846
1772648623290029800,2.29302978515625,-0.21643787622451782,-0.22645121812820435,0.04539450630545616
1772648623300073000,2.303072998046875,-0.24064654111862183,-0.2797096371650696,0.048852089792490005
1772648623310116900,2.313116943359375,-0.2701444625854492,-0.3206956684589386,0.05387245491147041
1772648623320160000,2.323159912109375,-0.29324445128440857,-0.34541407227516174,0.07084105163812637
1772648623330203600,2.33320361328125,-0.3106083571910858,-0.33513548970222473,0.09690461307764053
1772648623340247000,2.3432470703125,-0.3025270104408264,-0.25996989011764526,0.13459047675132751
1772648623350290000,2.3532900390625,-0.25518396496772766,-0.15994516015052795,0.16377520561218262
1772648623360333800,2.363333740234375,-0.1816423386335373,-0.062225524336099625,0.1740800440311432
1772648623370376700,2.373376708984375,-0.12156824767589569,0.01019342988729477,0.14894333481788635
1772648623380420900,2.3834208984375,-0.0812903344631195,0.091946080327034,0.08776839077472687
1772648623390463700,2.393463623046875,-0.04801161214709282,0.169016495347023,-0.0040245018899440765
1772648623400506600,2.403506591796875,-0.005944852717220783,0.21733209490776062,-0.11592946201562881
1772648623410550800,2.41355078125,0.0200369693338871,0.21365202963352203,-0.23058772087097168
1772648623420593700,2.42359375,0.01188396755605936,0.1883019357919693,-0.3305862545967102
1772648623430637800,2.433637939453125,-0.01353172305971384,0.151629239320755,-0.4017304480075836
1772648623440680700,2.4436806640625,-0.0402887724339962,0.11979568749666214,-0.4290459454059601
1772648623450723800,2.453723876953125,-0.05815143138170242,0.07564354687929153,-0.4277188777923584
1772648623460767700,2.463767822265625,-0.06845733523368835,0.010796633549034595,-0.38048237562179565
1772648623470811000,2.473810791015625,-0.0738547146320343,-0.04705987870693207,-0.2985745072364807
1772648623480854800,2.483854736328125,-0.06788817048072815,-0.06372833997011185,-0.18091736733913422
1772648623490898000,2.49389794921875,-0.06257112324237823,-0.0441739484667778,-0.05367770418524742
1772648623500940800,2.50394091796875,-0.05347563326358795,-0.005100050941109657,0.05583707243204117
1772648623510985000,2.51398486328125,-0.03008534200489521,0.03691144660115242,0.1293085217475891
1772648623521027800,2.52402783203125,0.0033072354272007942,0.08342994749546051,0.1788046956062317
1772648623531072000,2.534072021484375,0.03952804580330849,0.10774368047714233,0.19723355770111084
1772648623541115000,2.544114990234375,0.08602151274681091,0.13502642512321472,0.20318251848220825
1772648623551158000,2.554157958984375,0.13118445873260498,0.1581312119960785,0.20979808270931244
1772648623561202000,2.564201904296875,0.18660405278205872,0.1804831326007843,0.2216385006904602
1772648623571245000,2.5742451171875,0.245039165019989,0.20165392756462097,0.23598100244998932
1772648623581288700,2.584288818359375,0.28908517956733704,0.2009151726961136,0.2533554434776306
1772648623591331800,2.594331787109375,0.31059718132019043,0.19117037951946259,0.26173311471939087
1772648623601375000,2.604375,0.3243478834629059,0.18593540787696838,0.2474188655614853
1772648623611419000,2.6144189453125,0.3296130895614624,0.18756131827831268,0.23136959969997406
1772648623621461800,2.624461669921875,0.32573261857032776,0.18180516362190247,0.20595824718475342
1772648623631506000,2.634505859375,0.3025892674922943,0.176378533244133,0.18215042352676392
1772648623641548800,2.644548828125,0.24485142529010773,0.14099738001823425,0.14839646220207214
1772648623651591400,2.65459130859375,0.17205706238746643,0.08194377273321152,0.08685804158449173
1772648623661635600,2.664635498046875,0.09860681742429733,-0.004325599875301123,0.01127779670059681
1772648623671678500,2.674678466796875,0.03815571963787079,-0.08526412397623062,-0.05977321043610573
1772648623681722600,2.68472265625,-0.01391733530908823,-0.1478596031665802,-0.10196247696876526
1772648623691765500,2.694765625,-0.04937072470784187,-0.19258470833301544,-0.11105170100927353
1772648623701808600,2.70480859375,-0.07414104789495468,-0.21926772594451904,-0.08130685985088348
1772648623711852500,2.7148525390625,-0.08886353671550751,-0.21506844460964203,-0.03698812425136566
1772648623721895700,2.724895751953125,-0.08876632899045944,-0.18218080699443817,0.010270198807120323
1772648623731939600,2.734939697265625,-0.08504278212785721,-0.15229709446430206,0.038024332374334335
1772648623741982700,2.744982666015625,-0.07115200161933899,-0.11908935010433197,0.04292880743741989
1772648623752025600,2.755025634765625,-0.02706114389002323,-0.0820642039179802,0.03245129808783531
1772648623762069800,2.76506982421875,0.015635453164577484,-0.026327166706323624,0.01071990467607975
1772648623772112600,2.775112548828125,0.0474683903157711,0.010185549966990948,-0.019575580954551697
1772648623782156800,2.78515673828125,0.06077034771442413,0.012446840293705463,-0.04744875803589821
1772648623792199700,2.79519970703125,0.07621762156486511,-0.022716857492923737,-0.06377780437469482
1772648623802242600,2.80524267578125,0.1001807451248169,-0.04633031040430069,-0.05190649628639221
1772648623812286700,2.81528662109375,0.12603920698165894,-0.05890122428536415,-0.019274583086371422
1772648623822329600,2.82532958984375,0.15682828426361084,-0.05996382609009743,0.014654356986284256
1772648623832373500,2.83537353515625,0.18473994731903076,-0.050071924924850464,0.033174652606248856
1772648623842416600,2.845416748046875,0.21723663806915283,-0.03189824894070625,0.03259807825088501
1772648623852459800,2.855459716796875,0.25040432810783386,-0.0237610824406147,0.003012143075466156
1772648623862503400,2.86550341796875,0.27288272976875305,-0.03295698016881943,-0.04562223702669144
1772648623872546600,2.875546630859375,0.288388192653656,-0.05049269646406174,-0.09289184957742691
1772648623882590500,2.885590576171875,0.3073033094406128,-0.05081280693411827,-0.13319772481918335
1772648623892633600,2.895633544921875,0.3126963973045349,-0.041320495307445526,-0.1626841127872467
1772648623902676500,2.905676513671875,0.3067660927772522,-0.03406871110200882,-0.19267795979976654
1772648623912720600,2.915720703125,0.2931458652019501,-0.02353297919034958,-0.2171177864074707
1772648623922763500,2.925763427734375,0.2950335144996643,-0.006317240186035633,-0.22568358480930328
1772648623932807700,2.9358076171875,0.29795584082603455,0.020482145249843597,-0.21206197142601013
1772648623942850600,2.9458505859375,0.3041652739048004,0.046331051737070084,-0.196625754237175
1772648623952893400,2.9558935546875,0.319419801235199,0.0616128146648407,-0.17245930433273315
1772648623962937600,2.9659375,0.3369646966457367,0.0793856829404831,-0.14920750260353088
1772648623972980500,2.97598046875,0.3609545826911926,0.08801445364952087,-0.12576813995838165
1772648623983024600,2.986024658203125,0.3854309022426605,0.08275310695171356,-0.10521519929170609
1772648623993067500,2.996067626953125,0.41000261902809143,0.08120343089103699,-0.0785227045416832
1772648624003110700,3.006110595703125,0.4388957917690277,0.09362015873193741,-0.06826500594615936
1772648624013154600,3.016154541015625,0.4683553874492645,0.10688865929841995,-0.06077554449439049
1772648624023197700,3.02619775390625,0.5005170702934265,0.122022345662117,-0.056187182664871216
1772648624033241600,3.03624169921875,0.5224103331565857,0.11980898678302765,-0.056584589183330536
1772648624043284700,3.04628466796875,0.5400817394256592,0.10285983979701996,-0.06813817471265793
1772648624053327600,3.05632763671875,0.5588010549545288,0.060783494263887405,-0.07386548817157745
1772648624063371800,3.066371826171875,0.571561872959137,0.005331955850124359,-0.06389302015304565
1772648624073414700,3.07641455078125,0.5784152746200562,-0.037715621292591095,-0.037528686225414276
1772648624083458600,3.08645849609375,0.5816864371299744,-0.0685395821928978,-0.012457156553864479
1772648624093501400,3.09650146484375,0.587863564491272,-0.07623986899852753,0.019396545365452766
1772648624103544800,3.106544921875,0.5902641415596008,-0.06591532379388809,0.03567191958427429
1772648624113588500,3.11658837890625,0.5855329632759094,-0.02811826393008232,0.03598310053348541
1772648624123631600,3.126631591796875,0.582654595375061,0.02899189479649067,0.02795899659395218
1772648624133675500,3.136675537109375,0.5878891944885254,0.10126779973506927,0.020846491679549217
1772648624143718400,3.146718505859375,0.6071582436561584,0.16085496544837952,0.023481955751776695
1772648624153761500,3.156761474609375,0.631098210811615,0.1942525953054428,0.022960305213928223
1772648624163805400,3.166805419921875,0.6522061824798584,0.19062617421150208,0.0030132285319268703
1772648624173848600,3.1768486328125,0.6601216197013855,0.17544205486774445,-0.04181775078177452
1772648624183892500,3.186892578125,0.659705638885498,0.15057851374149323,-0.08874984085559845
1772648624193935600,3.196935546875,0.6280056238174438,0.13944648206233978,-0.13602368533611298
1772648624203978500,3.206978515625,0.5827798247337341,0.10987687855958939,-0.17223656177520752
1772648624214022700,3.217022705078125,0.5181106925010681,0.07561106979846954,-0.18684259057044983
1772648624224065500,3.2270654296875,0.44758060574531555,0.038536932319402695,-0.17474837601184845
1772648624234109700,3.237109619140625,0.38374340534210205,0.01019582711160183,-0.1459844410419464
1772648624244152600,3.247152587890625,0.3329808712005615,-0.0032981426920741796,-0.10417068749666214
1772648624254195700,3.25719580078125,0.29314154386520386,0.004651663359254599,-0.05455632507801056
1772648624264239600,3.267239501953125,0.26854008436203003,0.03506815806031227,0.000292543089017272
1772648624274282800,3.27728271484375,0.25877645611763,0.08309918642044067,0.05562053248286247
1772648624284325600,3.28732568359375,0.2628849148750305,0.13403961062431335,0.11039750277996063
1772648624294369800,3.297369873046875,0.28189149498939514,0.20368926227092743,0.17151354253292084
1772648624304412700,3.30741259765625,0.2997642457485199,0.26406630873680115,0.2187574803829193
1772648624314456600,3.31745654296875,0.32100144028663635,0.2826539874076843,0.25171470642089844
1772648624324499700,3.327499755859375,0.33968883752822876,0.27077043056488037,0.2586738169193268
1772648624334542600,3.33754248046875,0.3554113209247589,0.23821023106575012,0.2493341714143753
1772648624344586500,3.34758642578125,0.3780575096607208,0.20335237681865692,0.2306787222623825
1772648624354629600,3.357629638671875,0.4054552912712097,0.17435547709465027,0.20688346028327942
1772648624364673500,3.367673583984375,0.43179821968078613,0.14963363111019135,0.1789674162864685
1772648624374716400,3.37771630859375,0.4542875289916992,0.12466129660606384,0.14084702730178833
1772648624384759600,3.387759521484375,0.47302526235580444,0.12423305213451385,0.11010083556175232
1772648624394803500,3.397803466796875,0.4922477602958679,0.14732345938682556,0.09486214816570282
1772648624404846600,3.4078466796875,0.5122220516204834,0.16474318504333496,0.0932120531797409
1772648624414890500,3.417890380859375,0.5318727493286133,0.17907658219337463,0.10011535882949829
1772648624424933600,3.42793359375,0.5480844974517822,0.19611069560050964,0.11500988900661469
1772648624434976500,3.4379765625,0.5624609589576721,0.21061360836029053,0.12956969439983368
1772648624445020700,3.448020751953125,0.576735258102417,0.21929605305194855,0.13686169683933258
1772648624455063600,3.4580634765625,0.584938108921051,0.23188559710979462,0.1369055062532425
1772648624465107700,3.468107666015625,0.5877456068992615,0.22838221490383148,0.1197158545255661
1772648624475150600,3.478150634765625,0.5741910934448242,0.19974005222320557,0.0860678032040596
1772648624485193500,3.488193359375,0.5581692457199097,0.1548127979040146,0.050408605486154556
1772648624495237600,3.498237548828125,0.5487062931060791,0.12048184871673584,0.006562545895576477
1772648624505280500,3.508280517578125,0.5361196398735046,0.09610514342784882,-0.03890480101108551
1772648624515324700,3.51832470703125,0.5278410315513611,0.061775654554367065,-0.0900469645857811
1772648624525367600,3.528367431640625,0.5268422961235046,0.03268568217754364,-0.14080733060836792
1772648624535410700,3.53841064453125,0.5349909663200378,0.009805276989936829,-0.18240094184875488
1772648624545454600,3.54845458984375,0.5454244017601013,-0.0025928025133907795,-0.2174641191959381
1772648624555497700,3.558497802734375,0.5514310002326965,-0.01613898202776909,-0.2362741082906723
1772648624565541600,3.568541748046875,0.5479713082313538,-0.03311769664287567,-0.2395774871110916
1772648624575584800,3.578584716796875,0.5381224155426025,-0.061245206743478775,-0.2359611839056015
1772648624585627600,3.588627685546875,0.5277544260025024,-0.09432299435138702,-0.22242780029773712
1772648624595671600,3.598671630859375,0.5288722515106201,-0.1026512160897255,-0.19266974925994873
1772648624605714400,3.60871435546875,0.5397462248802185,-0.09732675552368164,-0.16137520968914032
1772648624615758600,3.618758544921875,0.5580726265907288,-0.08219403028488159,-0.1306471824645996
1772648624625801500,3.628801513671875,0.5725921392440796,-0.05422098562121391,-0.11442479491233826
1772648624635844600,3.6388447265625,0.5837499499320984,-0.02178407460451126,-0.11644376069307327
1772648624645888500,3.648888427734375,0.5798545479774475,-0.009415821172297001,-0.14296698570251465
1772648624655932200,3.65893212890625,0.5641318559646606,-0.01727292127907276,-0.18641209602355957
1772648624665976000,3.66897607421875,0.543398380279541,-0.042984407395124435,-0.21851623058319092
1772648624676019200,3.679019287109375,0.5155379772186279,-0.08780278265476227,-0.22915807366371155
1772648624686062000,3.68906201171875,0.4834359884262085,-0.1163816973567009,-0.21586038172245026
1772648624696106200,3.699106201171875,0.4445574879646301,-0.14355657994747162,-0.18871550261974335
1772648624706149000,3.709149169921875,0.4049679934978485,-0.17372220754623413,-0.15915361046791077
1772648624716193300,3.719193359375,0.3699110448360443,-0.20299701392650604,-0.13252761960029602
1772648624726236200,3.729236083984375,0.33593469858169556,-0.2178630530834198,-0.12274369597434998
1772648624736279300,3.739279296875,0.3083089590072632,-0.20689265429973602,-0.12521113455295563
1772648624746323200,3.7493232421875,0.28823673725128174,-0.18708565831184387,-0.13116170465946198
1772648624756366300,3.759366455078125,0.2759840190410614,-0.1454351544380188,-0.13872940838336945
1772648624766410200,3.76941015625,0.27379676699638367,-0.09265770018100739,-0.15008752048015594
1772648624776453400,3.779453369140625,0.26720306277275085,-0.07468472421169281,-0.16157807409763336
1772648624786496300,3.789496337890625,0.25027012825012207,-0.08657467365264893,-0.18606716394424438
1772648624796540000,3.799539794921875,0.2400090992450714,-0.11391200125217438,-0.2024269998073578
1772648624806583000,3.8095830078125,0.22017121315002441,-0.13982242345809937,-0.20670457184314728
1772648624816627000,3.819626953125,0.20281817018985748,-0.1671246439218521,-0.2021378129720688
1772648624826670000,3.829670166015625,0.18086254596710205,-0.19784286618232727,-0.18836180865764618
1772648624836713000,3.839712890625,0.16688092052936554,-0.24465058743953705,-0.16239473223686218
1772648624846757000,3.849757080078125,0.15563997626304626,-0.2784343659877777,-0.1127837598323822
1772648624856800000,3.859800048828125,0.15458539128303528,-0.2884409427642822,-0.035751763731241226
1772648624866844200,3.86984423828125,0.15812154114246368,-0.2994576394557953,0.05239647254347801
1772648624876887000,3.879886962890625,0.16934403777122498,-0.2921251654624939,0.14240293204784393
1772648624886930200,3.88993017578125,0.18024596571922302,-0.2749704122543335,0.21611417829990387
1772648624896974000,3.89997412109375,0.18007832765579224,-0.27245715260505676,0.2598007023334503
1772648624907017200,3.910017333984375,0.17269551753997803,-0.2669129967689514,0.2836671471595764
1772648624917061000,3.92006103515625,0.16782134771347046,-0.26807108521461487,0.286604642868042
1772648624927104300,3.930104248046875,0.16344285011291504,-0.28489798307418823,0.2738358676433563
1772648624937147100,3.940147216796875,0.15492047369480133,-0.3058851659297943,0.25100579857826233
1772648624947191300,3.95019140625,0.13180823624134064,-0.30956804752349854,0.21893495321273804
1772648624957234200,3.960234130859375,0.11069265753030777,-0.28578948974609375,0.17910517752170563
1772648624967277000,3.970277099609375,0.09603781253099442,-0.25065281987190247,0.14262226223945618
1772648624977321200,3.9803212890625,0.08472998440265656,-0.192881777882576,0.10553138703107834
1772648624987364000,3.990364013671875,0.054345984011888504,-0.12861277163028717,0.07094171643257141
1772648624997408300,4.000408203125,0.0200671199709177,-0.05719998478889465,0.05810331553220749
1772648625007451100,4.010451171875,-0.0012126023648306727,0.029858218505978584,0.0679684653878212
1772648625017494300,4.020494384765625,0.004952895920723677,0.11024346947669983,0.10103843361139297
1772648625027538200,4.0305380859375,0.039138566702604294,0.16987591981887817,0.15347342193126678
1772648625037581300,4.040581298828125,0.09349208325147629,0.19584332406520844,0.19926008582115173
1772648625047625000,4.050625,0.1420404464006424,0.18303832411766052,0.22770929336547852
1772648625057668000,4.060668212890625,0.17478568851947784,0.15150515735149384,0.2499772161245346
1772648625067711200,4.070711181640625,0.18817287683486938,0.10312908887863159,0.25142040848731995
1772648625077755100,4.080755126953125,0.18191298842430115,0.040555473417043686,0.24120080471038818
1772648625087798000,4.090798095703125,0.16413985192775726,-0.022093527019023895,0.22626712918281555
1772648625097842200,4.10084228515625,0.14468498528003693,-0.059606023132801056,0.21906313300132751
1772648625107885000,4.110885009765625,0.1347213089466095,-0.0730174332857132,0.24049252271652222
1772648625117928000,4.120927978515625,0.14327897131443024,-0.06267519295215607,0.2839770019054413
1772648625127972000,4.13097216796875,0.1727260798215866,-0.03153938055038452,0.34720978140830994
1772648625138015000,4.141014892578125,0.22935229539871216,0.022495228797197342,0.4207594394683838
1772648625148059100,4.15105908203125,0.3011034429073334,0.08595862984657288,0.48741966485977173
1772648625158102000,4.16110205078125,0.37484994530677795,0.14388997852802277,0.5167403221130371
1772648625168145200,4.171145263671875,0.44745758175849915,0.1962250918149948,0.49446752667427063
1772648625178189000,4.18118896484375,0.5088160634040833,0.23395715653896332,0.44094911217689514
1772648625188232200,4.191232177734375,0.5512247681617737,0.2559567391872406,0.36378270387649536
1772648625198276000,4.201276123046875,0.5650121569633484,0.26238641142845154,0.2816496789455414
1772648625208319200,4.2113193359375,0.553902804851532,0.2559785842895508,0.20124246180057526
1772648625218362000,4.221362060546875,0.5193033814430237,0.22630774974822998,0.12588457763195038
1772648625228406300,4.23140625,0.47639986872673035,0.17502911388874054,0.05938651040196419
1772648625238449200,4.24144921875,0.43473583459854126,0.10305734723806381,-0.00008566735778003931
1772648625248493300,4.251493408203125,0.387125164270401,0.020820530131459236,-0.04291302710771561
1772648625258536200,4.2615361328125,0.34469178318977356,-0.044629860669374466,-0.08169432729482651
1772648625268579300,4.271579345703125,0.31064939498901367,-0.07179170846939087,-0.10981650650501251
1772648625278623200,4.281623291015625,0.28747984766960144,-0.070355623960495,-0.1532791703939438
1772648625288666400,4.291666259765625,0.2769816815853119,-0.06135999783873558,-0.19904986023902893
1772648625298710000,4.3017099609375,0.2777070701122284,-0.04361175000667572,-0.24123620986938477
1772648625308753200,4.311753173828125,0.28959915041923523,-0.017153514549136162,-0.2749433219432831
1772648625318796000,4.321796142578125,0.30750614404678345,0.010019661858677864,-0.2958606779575348
1772648625328840200,4.331840087890625,0.33666402101516724,0.023680612444877625,-0.29655975103378296
1772648625338883000,4.341883056640625,0.3783089518547058,0.02665962465107441,-0.26951587200164795
1772648625348927000,4.351927001953125,0.4305354058742523,0.05575971677899361,-0.21608886122703552
1772648625358970000,4.36197021484375,0.48640963435173035,0.10337716341018677,-0.14830102026462555
1772648625369013000,4.372012939453125,0.5430569052696228,0.14984425902366638,-0.08099360764026642
1772648625379057200,4.38205712890625,0.5962247252464294,0.1946820616722107,-0.033059023320674896
1772648625389100000,4.39210009765625,0.6490954160690308,0.22374913096427917,-0.007347000762820244
1772648625399144200,4.402144287109375,0.6952473521232605,0.23120984435081482,-0.009743457660079002
1772648625409187000,4.41218701171875,0.7260113954544067,0.21644049882888794,-0.030983498319983482
1772648625419230200,4.422230224609375,0.7470830082893372,0.1911841183900833,-0.06725611537694931
1772648625429274000,4.432274169921875,0.7553241848945618,0.14895305037498474,-0.09519267827272415
1772648625439317200,4.442317138671875,0.7552971243858337,0.08073179423809052,-0.10872360318899155
1772648625449360100,4.452360107421875,0.7540177702903748,-0.004502942785620689,-0.12151343375444412
1772648625459404300,4.462404296875,0.7594654560089111,-0.0649828240275383,-0.12200596183538437
1772648625469447200,4.472447265625,0.7821406722068787,-0.06961965560913086,-0.11005422472953796
1772648625479491300,4.4824912109375,0.8142678737640381,-0.03185335174202919,-0.0965314731001854
1772648625489534200,4.4925341796875,0.8531308174133301,0.017331505194306374,-0.08403192460536957
1772648625499577000,4.5025771484375,0.8979167938232422,0.05257140100002289,-0.07848257571458817
1772648625509621200,4.512621337890625,0.9346141219139099,0.06552794575691223,-0.08336148411035538
1772648625519664000,4.5226640625,0.9681915044784546,0.06866566091775894,-0.08015907555818558
1772648625529708000,4.5327080078125,1.0002987384796143,0.07607084512710571,-0.06914263963699341
1772648625539751200,4.542751220703125,1.028182864189148,0.0930773913860321,-0.05379752814769745
1772648625549794300,4.552794189453125,1.0442686080932617,0.11126065999269485,-0.02768629975616932
1772648625559838000,4.562837890625,1.0652472972869873,0.12764310836791992,0.004530451260507107
1772648625569881000,4.572881103515625,1.0927894115447998,0.14854545891284943,0.03923170641064644
1772648625579925000,4.582925048828125,1.1177159547805786,0.16266179084777832,0.06859429180622101
1772648625589968100,4.592968017578125,1.1435984373092651,0.16640885174274445,0.09225034713745117
1772648625600011000,4.603010986328125,1.167456865310669,0.15348562598228455,0.10087929666042328
1772648625610055200,4.61305517578125,1.1920884847640991,0.1262497454881668,0.10711908340454102
1772648625620098000,4.62309814453125,1.2183507680892944,0.09613507986068726,0.09859488159418106
1772648625630142200,4.63314208984375,1.2487372159957886,0.06587065756320953,0.08443272113800049
1772648625640185000,4.64318505859375,1.2830520868301392,0.055677834898233414,0.06418191641569138
1772648625650228000,4.65322802734375,1.3112045526504517,0.0653107613325119,0.04556615650653839
1772648625660271600,4.663271728515625,1.3313099145889282,0.08300693333148956,0.027522115036845207
1772648625670314800,4.673314697265625,1.341059923171997,0.10388105362653732,0.004494560416787863
1772648625680358700,4.683358642578125,1.3515652418136597,0.11678538471460342,-0.03136352822184563
1772648625690401800,4.69340185546875,1.3560001850128174,0.12520922720432281,-0.06154859438538551
1772648625700444700,4.703444580078125,1.3706564903259277,0.10121160745620728,-0.08104152232408524
1772648625710488800,4.71348876953125,1.378102421760559,0.03258833661675453,-0.0667179748415947
1772648625720531700,4.72353173828125,1.3812992572784424,-0.08680500835180283,-0.01758437603712082
1772648625730576000,4.733575927734375,1.3515427112579346,-0.19684921205043793,0.05905181169509888
1772648625740618800,4.74361865234375,1.3108824491500854,-0.26119452714920044,0.15208490192890167
1772648625750661600,4.75366162109375,1.2544015645980835,-0.3020455539226532,0.22964493930339813
1772648625760705800,4.763705810546875,1.2033175230026245,-0.31902188062667847,0.2843381464481354
1772648625770748700,4.773748779296875,1.142220139503479,-0.2713443636894226,0.3170710504055023
1772648625780792800,4.783792724609375,1.07929265499115,-0.1746005266904831,0.3235871195793152
1772648625790835700,4.793835693359375,1.0287514925003052,-0.033057235181331635,0.31155869364738464
1772648625800878800,4.80387890625,1.0002471208572388,0.12796533107757568,0.29306647181510925
1772648625810922500,4.813922607421875,0.9958909749984741,0.270087867975235,0.2682332992553711
1772648625820966000,4.8239658203125,1.0171476602554321,0.37289440631866455,0.24815621972084045
1772648625831008800,4.8340087890625,1.0495647192001343,0.4539908766746521,0.2317088097333908
1772648625841052700,4.844052734375,1.0978387594223022,0.5180292129516602,0.2177470326423645
1772648625851095600,4.854095458984375,1.144545078277588,0.5539451837539673,0.1995488554239273
1772648625861139700,4.8641396484375,1.1650614738464355,0.5758874416351318,0.1829674243927002
1772648625871182600,4.8741826171875,1.2168575525283813,0.5623287558555603,0.1824513077735901
1772648625881225700,4.884225830078125,1.2918721437454224,0.5553460121154785,0.18980289995670319
1772648625891269600,4.89426953125,1.3627196550369263,0.5495038032531738,0.2111888825893402
1772648625901312800,4.904312744140625,1.4018363952636719,0.5400040149688721,0.2425564080476761
1772648625911356700,4.914356689453125,1.407346487045288,0.5426677465438843,0.2748139500617981
1772648625921399800,4.92439990234375,1.383095383644104,0.5126891732215881,0.2616470158100128
1772648625931442700,4.934442626953125,1.3525974750518799,0.45162156224250793,0.20071201026439667
1772648625941486800,4.94448681640625,1.3418587446212769,0.3718871772289276,0.12164666503667831
1772648625951529700,4.95452978515625,1.3539260625839233,0.28178340196609497,0.05008353292942047
1772648625961574000,4.964573974609375,1.367236852645874,0.22980235517024994,-0.004039190709590912
1772648625971616800,4.97461669921875,1.3727045059204102,0.20717507600784302,-0.03284101188182831
1772648625981659600,4.98465966796875,1.375473976135254,0.21340034902095795,-0.041889939457178116
1772648625991703800,4.994703857421875,1.3731964826583862,0.22351635992527008,-0.04727405309677124
1772648626001746700,5.00474658203125,1.3723862171173096,0.23803165555000305,-0.0534919835627079
1772648626011790800,5.014790771484375,1.3563328981399536,0.222307026386261,-0.06520269811153412
1772648626021833700,5.024833740234375,1.317236065864563,0.1794130951166153,-0.08112627267837524
1772648626031876900,5.034876953125,1.2412316799163818,0.12514932453632355,-0.09039274603128433
1772648626041920800,5.044920654296875,1.1948871612548828,0.11949292570352554,-0.09301429986953735
1772648626051964000,5.0549638671875,1.163092017173767,0.026775501668453217,-0.12820450961589813
1772648626062007600,5.065007568359375,1.118173360824585,-0.060980603098869324,-0.16568318009376526
1772648626072050700,5.07505078125,1.0568429231643677,-0.10926371812820435,-0.1835673749446869
1772648626082093800,5.08509375,0.9802998900413513,-0.1586962789297104,-0.19893838465213776
1772648626092137700,5.0951376953125,0.9025033712387085,-0.24260848760604858,-0.2110312581062317
1772648626102180600,5.1051806640625,0.8101115226745605,-0.44001609086990356,-0.21103022992610931
1772648626112224800,5.115224853515625,0.7885103225708008,-0.4013483226299286,-0.13395515084266663
1772648626122267600,5.125267578125,0.7852513790130615,-0.43236562609672546,-0.08823471516370773
1772648626132310500,5.135310546875,0.7779034376144409,-0.4944273829460144,-0.09106885641813278
1772648626142354700,5.145354736328125,0.7621845006942749,-0.40062254667282104,-0.0726151168346405
1772648626152397600,5.1553974609375,0.753889799118042,-0.2879396975040436,-0.07067819684743881
1772648626162441700,5.165441650390625,0.7575476169586182,-0.19254446029663086,-0.08988717943429947
1772648626172484600,5.175484619140625,0.7777138352394104,-0.11520785838365555,-0.09997709840536118
1772648626182527700,5.18552783203125,0.7971155047416687,-0.06137872487306595,-0.10849887877702713
1772648626192571600,5.195571533203125,0.7799650430679321,-0.01590258628129959,-0.10318267345428467
1772648626202614800,5.20561474609375,0.7425734996795654,-0.01197192631661892,-0.11072802543640137
1772648626212657700,5.21565771484375,0.7126744389533997,0.026217270642518997,-0.10968726128339767
1772648626222701800,5.225701904296875,0.6942114233970642,0.10116979479789734,-0.10872315615415573
1772648626232744700,5.23574462890625,0.6787991523742676,0.15547937154769897,-0.12016569077968597
1772648626242788900,5.245788818359375,0.6494882702827454,0.18621599674224854,-0.1420009881258011
1772648626252831700,5.255831787109375,0.6168435215950012,0.187490314245224,-0.16018639504909515
1772648626262875000,5.265875,0.5879645943641663,0.18555593490600586,-0.17247402667999268
1772648626272919600,5.27591943359375,0.563618004322052,0.17423909902572632,-0.17014536261558533
1772648626282962700,5.285962646484375,0.5332254767417908,0.14863228797912598,-0.15716437995433807
1772648626293006600,5.296006591796875,0.5007604956626892,0.1042483001947403,-0.13107019662857056
1772648626303049700,5.3060498046875,0.4615754783153534,0.05272848904132843,-0.08549852669239044
1772648626313092600,5.316092529296875,0.42013829946517944,-0.000887600239366293,-0.027586758136749268
1772648626323136800,5.32613671875,0.3778439462184906,-0.03389200568199158,0.03387187048792839
1772648626333179600,5.3361796875,0.3367023766040802,-0.04431428387761116,0.09212346374988556
1772648626343223800,5.346223876953125,0.30009013414382935,-0.062297794967889786,0.1363786906003952
1772648626353266700,5.3562666015625,0.2587062120437622,-0.08690726011991501,0.15813112258911133
1772648626363309600,5.3663095703125,0.22186559438705444,-0.10262004286050797,0.16332167387008667
1772648626373353700,5.376353759765625,0.1963924616575241,-0.108595110476017,0.1538112610578537
1772648626383396600,5.386396728515625,0.18065734207630157,-0.09485802054405212,0.1363796442747116
1772648626393439700,5.396439697265625,0.16007430851459503,-0.09218313544988632,0.1269262284040451
1772648626403483600,5.406483642578125,0.12565647065639496,-0.10314337909221649,0.12297821044921875
1772648626413526800,5.41652685546875,0.09416139125823975,-0.14524821937084198,0.12518756091594696
1772648626423570700,5.42657080078125,0.05848453566431999,-0.1530214548110962,0.13558995723724365
1772648626433613800,5.43661376953125,0.031728021800518036,-0.11809010058641434,0.1724957674741745
1772648626443656700,5.44665673828125,0.03422560542821884,-0.030044537037611008,0.234876349568367
1772648626453700900,5.456700927734375,0.0651150792837143,0.06149603798985481,0.29816851019859314
1772648626463743700,5.46674365234375,0.09599698334932327,0.11478669941425323,0.3329765498638153
1772648626473788000,5.476787841796875,0.13036853075027466,0.1458389014005661,0.333257257938385
1772648626483830800,5.486830810546875,0.1509852409362793,0.18914559483528137,0.3037049472332001
1772648626493874000,5.4968740234375,0.16740895807743073,0.24934342503547668,0.2241603285074234
1772648626503917600,5.50691748046875,0.15460963547229767,0.3006066381931305,0.10870207101106644
1772648626513961000,5.5169609375,0.105065256357193,0.3320891857147217,-0.024978233501315117
1772648626524004600,5.527004638671875,0.023660631850361824,0.33516740798950195,-0.14699703454971313
1772648626534047500,5.537047607421875,-0.07371731847524643,0.3353453278541565,-0.23446351289749146
1772648626544090600,5.547090576171875,-0.15332283079624176,0.3213912844657898,-0.28268635272979736
1772648626554134500,5.557134521484375,-0.20866838097572327,0.2815474569797516,-0.2985207140445709
1772648626564177700,5.567177734375,-0.24872168898582458,0.2124931365251541,-0.2692357301712036
1772648626574221600,5.5772216796875,-0.2712685167789459,0.13143450021743774,-0.20855078101158142
1772648626584264700,5.5872646484375,-0.2671479880809784,0.06753607094287872,-0.12421718239784241
1772648626594307600,5.5973076171875,-0.24101226031780243,0.04484301060438156,-0.01171114295721054
1772648626604351700,5.607351806640625,-0.21609048545360565,0.03358650207519531,0.09702250361442566
1772648626614394600,5.61739453125,-0.21066109836101532,0.05548328161239624,0.1940486580133438
1772648626624438800,5.627438720703125,-0.1401490867137909,0.10591279715299606,0.28530120849609375
1772648626634481700,5.637481689453125,-0.030446292832493782,0.16722142696380615,0.35947078466415405
1772648626644524800,5.64752490234375,0.08117713779211044,0.24673432111740112,0.4208377003669739
1772648626654568700,5.657568603515625,0.15539810061454773,0.29826515913009644,0.46605950593948364
1772648626664611800,5.66761181640625,0.205386221408844,0.2804218530654907,0.4897030293941498
1772648626674655700,5.67765576171875,0.23988346755504608,0.2300870418548584,0.48226481676101685
1772648626684699000,5.687698974609375,0.2744300961494446,0.14971472322940826,0.4518197178840637
1772648626694741800,5.69774169921875,0.3019786477088928,0.024207398295402527,0.3889770805835724
1772648626704786000,5.707785888671875,0.3033076822757721,-0.11037333309650421,0.31350475549697876
1772648626714828800,5.717828857421875,0.27989503741264343,-0.2143511325120926,0.24670067429542542
1772648626724872700,5.727872802734375,0.23116442561149597,-0.2861779034137726,0.16793031990528107
1772648626734915800,5.737915771484375,0.16966325044631958,-0.3487880229949951,0.072092205286026
1772648626744959000,5.747958984375,0.10046371817588806,-0.39183443784713745,-0.027257857844233513
1772648626755002600,5.758002685546875,0.03473290801048279,-0.40206655859947205,-0.10740090161561966
1772648626765045800,5.768045654296875,-0.032324448227882385,-0.37298911809921265,-0.1633012443780899
1772648626775089000,5.7780888671875,-0.10317572206258774,-0.31662383675575256,-0.2058955729007721
1772648626785132500,5.788132568359375,-0.15605348348617554,-0.23670543730258942,-0.22547025978565216
1772648626795175700,5.79817578125,-0.16328981518745422,-0.13638176023960114,-0.21767306327819824
1772648626805219600,5.808219482421875,-0.13996420800685883,-0.023349858820438385,-0.1882379949092865
1772648626815262700,5.8182626953125,-0.09732913225889206,0.06865756213665009,-0.1567876636981964
1772648626825305600,5.8283056640625,-0.05182784050703049,0.13925528526306152,-0.12226911634206772
1772648626835349800,5.838349853515625,-0.03152842819690704,0.19372785091400146,-0.08099997788667679
1772648626845392600,5.848392578125,0.026015836745500565,0.19730541110038757,-0.03883504867553711
1772648626855436800,5.858436767578125,0.11557980626821518,0.2079644352197647,-0.015935325995087624
1772648626865479700,5.868479736328125,0.18770936131477356,0.24127179384231567,-0.014146808534860611
1772648626875522800,5.878522705078125,0.21948380768299103,0.23611591756343842,-0.0312309879809618
1772648626885566700,5.888566650390625,0.2212996631860733,0.18083268404006958,-0.0869176983833313
1772648626895609900,5.89860986328125,0.22900046408176422,0.09701607376337051,-0.14723005890846252
1772648626905653800,5.90865380859375,0.24226149916648865,0.021378057077527046,-0.19764351844787598
1772648626915697000,5.91869677734375,0.2582292854785919,-0.04077106714248657,-0.21373140811920166
1772648626925739800,5.92873974609375,0.27051815390586853,-0.08681152760982513,-0.19529974460601807
1772648626935784000,5.938783935546875,0.2844238579273224,-0.12786974012851715,-0.1638512760400772
1772648626945826800,5.948826904296875,0.3047843873500824,-0.14515767991542816,-0.13792555034160614
1772648626955871000,5.95887109375,0.3242795467376709,-0.14535608887672424,-0.14170271158218384
1772648626965913900,5.968913818359375,0.3429933488368988,-0.1353752315044403,-0.1575339287519455
1772648626975956700,5.978956787109375,0.3646288812160492,-0.1073361337184906,-0.18286804854869843
1772648626986001000,5.9890009765625,0.3677428066730499,-0.07886133342981339,-0.2161857634782791
1772648626996043800,5.999043701171875,0.35984012484550476,-0.05048402398824692,-0.22827811539173126
1772648627006087700,6.009087646484375,0.3620914816856384,-0.02225560136139393,-0.21251901984214783
1772648627016130600,6.019130615234375,0.369367778301239,0.0021938150748610497,-0.17346003651618958
1772648627026174000,6.029174072265625,0.37609460949897766,0.0032146391458809376,-0.12246271222829819
1772648627036217600,6.039217529296875,0.3834398686885834,-0.001519396435469389,-0.0701339915394783
1772648627046260700,6.0492607421875,0.4035303592681885,0.009757081046700478,-0.017643272876739502
1772648627056304600,6.0593046875,0.43878766894340515,0.03189593926072121,0.026104208081960678
1772648627066347800,6.06934765625,0.48311734199523926,0.05786774307489395,0.06197720766067505
1772648627076390700,6.079390625,0.5120246410369873,0.0767226591706276,0.09295430034399033
1772648627086434800,6.089434814453125,0.5250553488731384,0.06615845113992691,0.1188272014260292
1772648627096477700,6.099477783203125,0.5288655757904053,0.04104776680469513,0.13971571624279022
1772648627106521900,6.10952197265625,0.5436418056488037,0.018693432211875916,0.17589764297008514
1772648627116564700,6.119564697265625,0.5620772838592529,0.02023247443139553,0.21690446138381958
1772648627126607600,6.129607666015625,0.586072564125061,0.05131249874830246,0.2621217966079712
1772648627136651800,6.13965185546875,0.6114527583122253,0.08621828258037567,0.2961820065975189
1772648627146694700,6.149694580078125,0.6349438428878784,0.12868772447109222,0.30750125646591187
1772648627156738800,6.15973876953125,0.6676794290542603,0.15571534633636475,0.2871222198009491
1772648627166781700,6.16978173828125,0.6912155747413635,0.1337730437517166,0.24287042021751404
1772648627176824800,6.179824951171875,0.6875864863395691,0.0774565115571022,0.1895584613084793
1772648627186868700,6.18986865234375,0.6584848761558533,0.025052284821867943,0.14391183853149414
1772648627196911900,6.199911865234375,0.6102675199508667,-0.02513951063156128,0.0950191393494606
1772648627206954800,6.209954833984375,0.5575874447822571,-0.07302184402942657,0.038607750087976456
1772648627216999000,6.2199990234375,0.4998011291027069,-0.13190753757953644,-0.011194960214197636
1772648627227041800,6.230041748046875,0.43019452691078186,-0.1770397126674652,-0.04117351025342941
1772648627237085700,6.240085693359375,0.3494919538497925,-0.2253768891096115,-0.05541982501745224
1772648627247128800,6.25012890625,0.2822929918766022,-0.2686620354652405,-0.0580175518989563
1772648627257172000,6.260171875,0.23519288003444672,-0.30090466141700745,-0.06152280420064926
1772648627267215600,6.270215576171875,0.21585462987422943,-0.3171139657497406,-0.04583834484219551
1772648627277258800,6.2802587890625,0.21507032215595245,-0.3256789445877075,-0.02434530295431614
1772648627287302700,6.290302734375,0.22403830289840698,-0.29551878571510315,0.010008634999394417
1772648627297345800,6.300345703125,0.2608189582824707,-0.22025254368782043,0.05086285620927811
1772648627307388700,6.310388671875,0.32367944717407227,-0.10860830545425415,0.08800309896469116
1772648627317432800,6.320432861328125,0.40324029326438904,0.03524446487426758,0.10624495148658752
1772648627327475700,6.330475830078125,0.48367899656295776,0.18654677271842957,0.12194551527500153
1772648627337519600,6.34051953125,0.566317081451416,0.3168871998786926,0.13210813701152802
1772648627347562800,6.350562744140625,0.6342957615852356,0.4026212692260742,0.13104546070098877
1772648627357605600,6.360605712890625,0.6938179135322571,0.45633643865585327,0.12275423854589462
1772648627367649800,6.37064990234375,0.7446891665458679,0.47444915771484375,0.10171303153038025
1772648627377692700,6.380692626953125,0.7716387510299683,0.4571681618690491,0.0758470818400383
1772648627387736800,6.39073681640625,0.7812054753303528,0.40883123874664307,0.036254968494176865
1772648627397779700,6.40077978515625,0.7770262360572815,0.343086838722229,0.0030762427486479282
1772648627407822800,6.41082275390625,0.7593205571174622,0.2695330083370209,-0.027609867975115776
1772648627417866800,6.42086669921875,0.728488564491272,0.1916629821062088,-0.054434288293123245
1772648627427910000,6.430909912109375,0.6831896901130676,0.1109916940331459,-0.08177294582128525
1772648627437953800,6.440953857421875,0.632144033908844,0.03328970819711685,-0.1135449931025505
1772648627447997000,6.450996826171875,0.5769572854042053,-0.04734455794095993,-0.13677571713924408
1772648627458039800,6.461039794921875,0.5189107656478882,-0.11809755861759186,-0.15504926443099976
1772648627468084000,6.471083984375,0.4561314880847931,-0.16652873158454895,-0.18051880598068237
1772648627478126800,6.481126953125,0.3975778818130493,-0.18541960418224335,-0.20874005556106567
1772648627488170800,6.491170654296875,0.3532809615135193,-0.1812376230955124,-0.2402128130197525
1772648627498214000,6.5012138671875,0.31979572772979736,-0.1436561644077301,-0.2736911475658417
1772648627508256800,6.5112568359375,0.31180527806282043,-0.07928784936666489,-0.29162055253982544
1772648627518300700,6.52130078125,0.306193470954895,-0.0009027640335261822,-0.2929007411003113
1772648627528343600,6.531343505859375,0.3295222818851471,0.07540904730558395,-0.27643483877182007
1772648627538387700,6.5413876953125,0.3746359646320343,0.1526779979467392,-0.2361995279788971
1772648627548430600,6.5514306640625,0.42432472109794617,0.20343677699565887,-0.18880265951156616
1772648627558473700,6.5614736328125,0.44295886158943176,0.25679561495780945,-0.14629168808460236
1772648627568517600,6.571517578125,0.4565672278404236,0.22641882300376892,-0.12617874145507812
1772648627578560800,6.581560791015625,0.4556835889816284,0.19317243993282318,-0.11478334665298462
1772648627588603600,6.591603759765625,0.4540380537509918,0.1651810109615326,-0.09659702330827713
1772648627598647800,6.601647705078125,0.4476158618927002,0.1264946013689041,-0.09029865264892578
1772648627608690700,6.611690673828125,0.42363229393959045,0.09451286494731903,-0.09634615480899811
1772648627618734800,6.62173486328125,0.39674291014671326,0.0666617900133133,-0.10705019533634186
1772648627628777700,6.63177783203125,0.3599424660205841,0.049789972603321075,-0.1378840059041977
1772648627638820600,6.641820556640625,0.32095110416412354,0.04120367765426636,-0.1758183389902115
1772648627648864800,6.65186474609375,0.28415170311927795,0.033168137073516846,-0.21683958172798157
1772648627658908000,6.661907958984375,0.240666002035141,0.007178348954766989,-0.2329019010066986
1772648627668951800,6.671951904296875,0.2054840326309204,-0.02072811685502529,-0.22225725650787354
1772648627678995000,6.681994873046875,0.18107770383358002,-0.061134420335292816,-0.1870839148759842
1772648627689037800,6.692037841796875,0.1554509699344635,-0.08468898385763168,-0.13364429771900177
1772648627699082000,6.70208203125,0.13691802322864532,-0.08617929369211197,-0.08155021071434021
1772648627709124900,6.712124755859375,0.12241476029157639,-0.08135684579610825,-0.05065428093075752
1772648627719169000,6.7221689453125,0.11105956882238388,-0.06277916580438614,-0.03898590803146362
1772648627729212000,6.7322119140625,0.09979747235774994,-0.039803825318813324,-0.044731903821229935
1772648627739255000,6.742255126953125,0.0824432447552681,-0.03354060649871826,-0.05443299934267998
1772648627749298700,6.752298583984375,0.0713307112455368,-0.028730109333992004,-0.053592730313539505
1772648627759342000,6.762342041015625,0.06927341967821121,-0.018306229263544083,-0.0356329046189785
1772648627769385700,6.7723857421875,0.06485196202993393,-0.007623616605997086,-0.0114687355235219
1772648627779428900,6.782428955078125,0.06526368856430054,0.0006050183437764645,0.013369236141443253
1772648627789471700,6.7924716796875,0.06335217505693436,0.006376740988343954,0.03682670742273331
1772648627799516000,6.802515869140625,0.06386217474937439,-0.012877913191914558,0.04967912286520004
1772648627809558800,6.812558837890625,0.061914172023534775,-0.03384698927402496,0.05768120288848877
1772648627819603000,6.82260302734375,0.06331951916217804,-0.046367838978767395,0.06552128493785858
1772648627829645800,6.832645751953125,0.060464903712272644,-0.06031322106719017,0.07034113258123398
1772648627839688700,6.842688720703125,0.05046074092388153,-0.07941527664661407,0.08741146326065063
1772648627849732900,6.85273291015625,0.037716180086135864,-0.10665648430585861,0.10353024303913116
1772648627859775700,6.862775634765625,0.028041718527674675,-0.13338476419448853,0.12087728083133698
1772648627869820000,6.87281982421875,0.02176821045577526,-0.1669900119304657,0.1412058174610138
1772648627879862800,6.88286279296875,0.017832590267062187,-0.18992117047309875,0.15582522749900818
1772648627889906000,6.892906005859375,0.016294261440634727,-0.1967468410730362,0.17323864996433258
1772648627899949800,6.90294970703125,0.023338589817285538,-0.19093582034111023,0.19236575067043304
1772648627909993000,6.912992919921875,0.03797921538352966,-0.15453264117240906,0.22211343050003052
1772648627920035800,6.923035888671875,0.05879900977015495,-0.09385386109352112,0.2548367381095886
1772648627930080000,6.933080078125,0.08976281434297562,-0.039503805339336395,0.2796175479888916
1772648627940123000,6.943122802734375,0.11016449332237244,-0.025796782225370407,0.2771828770637512
1772648627950167000,6.9531669921875,0.10982051491737366,-0.028660891577601433,0.2465030699968338
1772648627960210000,6.9632099609375,0.09579844027757645,-0.04993448778986931,0.18950717151165009
1772648627970252800,6.973252685546875,0.07311593741178513,-0.07678287476301193,0.12213992327451706
1772648627980297000,6.983296875,0.04799061641097069,-0.10906224697828293,0.036739807575941086
1772648627990339800,6.99333984375,0.01701895333826542,-0.13685354590415955,-0.044001027941703796
1772648628000383700,7.0033837890625,-0.030739514157176018,-0.1396557241678238,-0.11125782877206802
1772648628010427000,7.013427001953125,-0.07599955797195435,-0.12991824746131897,-0.1617153435945511
1772648628020470000,7.023469970703125,-0.10146204382181168,-0.12663723528385162,-0.18516474962234497
1772648628030513700,7.033513671875,-0.10496989637613297,-0.13463164865970612,-0.1868225485086441
1772648628040556800,7.043556884765625,-0.10210273414850235,-0.13803863525390625,-0.16578304767608643
1772648628050600700,7.0536005859375,-0.0870417132973671,-0.1265360563993454,-0.12181029468774796
1772648628060643800,7.063643798828125,-0.052617959678173065,-0.116480752825737,-0.06834360957145691
1772648628070686700,7.073686767578125,-0.008733412250876427,-0.08829065412282944,0.002426779828965664
1772648628080731000,7.08373095703125,0.03494083136320114,-0.025685060769319534,0.079898402094841
1772648628090773800,7.093773681640625,0.09745744615793228,0.06516415625810623,0.16530272364616394
1772648628100818000,7.10381787109375,0.17737224698066711,0.16343294084072113,0.2500959038734436
1772648628110860800,7.11386083984375,0.252780556678772,0.256380170583725,0.33773964643478394
1772648628120903700,7.123903564453125,0.3104803264141083,0.32005688548088074,0.40991291403770447
1772648628130947800,7.13394775390625,0.3627781867980957,0.34895646572113037,0.4630313217639923
1772648628140990700,7.14399072265625,0.41133320331573486,0.349624365568161,0.4963860809803009
1772648628151035000,7.154034912109375,0.4588959515094757,0.3263600468635559,0.5033738017082214
1772648628161077800,7.164077880859375,0.4883638322353363,0.2801682949066162,0.48614344000816345
1772648628171121000,7.174120849609375,0.5000393390655518,0.22673986852169037,0.4296897351741791
1772648628181164800,7.184164794921875,0.503311038017273,0.161653533577919,0.3516465723514557
1772648628191208000,7.1942080078125,0.4917711019515991,0.1044246181845665,0.2565388083457947
1772648628201250800,7.204250732421875,0.47198033332824707,0.06514725089073181,0.15655308961868286
1772648628211295000,7.214294921875,0.4421246647834778,0.01637289486825466,0.06680414825677872
1772648628221337900,7.224337890625,0.39432492852211,-0.037823230028152466,-0.023046908900141716
1772648628231382000,7.234382080078125,0.3454985022544861,-0.07888477295637131,-0.097317636013031
1772648628241425000,7.2444248046875,0.2830362021923065,-0.11571309715509415,-0.16523782908916473
1772648628251468000,7.254468017578125,0.23022007942199707,-0.1344609409570694,-0.21133509278297424
1772648628261511700,7.26451171875,0.19886136054992676,-0.13156317174434662,-0.2433023452758789
1772648628271555000,7.27455517578125,0.18570968508720398,-0.10230422019958496,-0.25372883677482605
1772648628281598700,7.2845986328125,0.19541823863983154,-0.03973697870969772,-0.23491202294826508
1772648628291641900,7.294641845703125,0.2272905856370926,0.0483192540705204,-0.19146929681301117
1772648628301684700,7.304684814453125,0.2869219481945038,0.14862428605556488,-0.1264367699623108
1772648628311729000,7.31472900390625,0.3570564091205597,0.22861367464065552,-0.06960148364305496
1772648628321771800,7.324771728515625,0.4060881435871124,0.27107033133506775,-0.045799218118190765
1772648628331816000,7.33481591796875,0.45014825463294983,0.2729940414428711,-0.0585346557199955
1772648628341858800,7.34485888671875,0.48240578174591064,0.2546254098415375,-0.08290417492389679
1772648628351901700,7.354901611328125,0.5036970973014832,0.2157296985387802,-0.10746489465236664
1772648628361945900,7.36494580078125,0.5056334733963013,0.17180271446704865,-0.12035113573074341
1772648628371988700,7.37498876953125,0.4951021075248718,0.10810644924640656,-0.1202344298362732
1772648628382033000,7.385032958984375,0.4856220483779907,0.03749886155128479,-0.09717544913291931
1772648628392075800,7.39507568359375,0.4984297752380371,-0.008367867209017277,-0.0575876384973526
1772648628402119000,7.405118896484375,0.5265713334083557,-0.02556949108839035,-0.021992892026901245
1772648628412162800,7.415162841796875,0.56417316198349,-0.010598506778478622,-0.006649253889918327
1772648628422206000,7.4252060546875,0.6083211898803711,0.0165494903922081,-0.02266763523221016
1772648628432249900,7.435249755859375,0.6500812768936157,0.04784255474805832,-0.059630896896123886
1772648628442293000,7.44529296875,0.6782923936843872,0.06854143738746643,-0.1102842167019844
1772648628452335900,7.4553359375,0.6867175102233887,0.06592143326997757,-0.16645547747612
1772648628462380000,7.465380126953125,0.6771937608718872,0.04496155306696892,-0.2062542885541916
1772648628472423000,7.4754228515625,0.6537114977836609,0.02810651808977127,-0.2227666825056076
1772648628482466800,7.485466796875,0.6385576128959656,0.03158780187368393,-0.22407881915569305
1772648628492510000,7.495510009765625,0.620668888092041,0.0422280877828598,-0.2233470380306244
1772648628502552800,7.505552734375,0.604594349861145,0.05911439284682274,-0.2081712931394577
1772648628512596700,7.5155966796875,0.593037486076355,0.051607850939035416,-0.18218281865119934
1772648628522640000,7.525639892578125,0.5841014981269836,0.02816910482943058,-0.14427565038204193
1772648628532683800,7.535683837890625,0.5865975618362427,0.01695721037685871,-0.09927114844322205
1772648628542726700,7.5457265625,0.5964578986167908,0.03269249573349953,-0.0554693378508091
1772648628552769800,7.555769775390625,0.6192337274551392,0.062048111110925674,-0.02769482135772705
1772648628562813700,7.565813720703125,0.6533432006835938,0.10268128663301468,-0.0035689789801836014
1772648628572856800,7.57585693359375,0.691670298576355,0.13811731338500977,0.0036262269131839275
1772648628582899700,7.585899658203125,0.722974419593811,0.14195093512535095,0.007782888598740101
1772648628592943900,7.59594384765625,0.7455974221229553,0.12219773977994919,0.024678843095898628
1772648628602986800,7.60598681640625,0.7748895287513733,0.10206743329763412,0.051672108471393585
1772648628613031000,7.616031005859375,0.8237378001213074,0.08062632381916046,0.08387952297925949
1772648628623073800,7.62607373046875,0.8679659366607666,0.047746941447257996,0.10749243944883347
1772648628633117000,7.636116943359375,0.901573657989502,0.0031461846083402634,0.10856828838586807
1772648628643160800,7.646160888671875,0.9058879613876343,-0.024055873975157738,0.09087478369474411
1772648628653204500,7.65620458984375,0.8954035639762878,-0.02580568939447403,0.06484490633010864
1772648628663248600,7.66624853515625,0.8799561262130737,-0.012698141857981682,0.0328638032078743
1772648628673291500,7.67629150390625,0.8612841367721558,0.011113680899143219,0.002503520343452692
1772648628683334700,7.686334716796875,0.8430180549621582,0.04584316909313202,-0.011529740877449512
1772648628693378600,7.696378662109375,0.8393341898918152,0.09103181213140488,-0.0058878748677670956
1772648628703421400,7.70642138671875,0.8390063643455505,0.11438160389661789,0.011856235563755035
1772648628713465300,7.71646533203125,0.8432636857032776,0.11406232416629791,0.029031267389655113
1772648628723508500,7.726508544921875,0.8399816155433655,0.10132229328155518,0.03612779080867767
1772648628733551600,7.736551513671875,0.8201267719268799,0.10330873727798462,0.037257831543684006
1772648628743595300,7.74659521484375,0.8037254214286804,0.11733028292655945,0.03245668485760689
1772648628753638400,7.756638427734375,0.789190948009491,0.11210795491933823,0.029749542474746704
1772648628763682300,7.766682373046875,0.7701615691184998,0.07914094626903534,0.03548412770032883
1772648628773725400,7.776725341796875,0.7570821642875671,0.042552825063467026,0.060664091259241104
1772648628783768300,7.786768310546875,0.7410787343978882,0.01373156625777483,0.09626069664955139
1772648628793812500,7.7968125,0.7276632785797119,-0.017905857414007187,0.11642205715179443
1772648628803855400,7.80685546875,0.7175997495651245,-0.04272305965423584,0.12450341135263443
1772648628813898500,7.8168984375,0.7099425792694092,-0.05999338626861572,0.12212063372135162
1772648628823942400,7.8269423828125,0.719221293926239,-0.0546841062605381,0.12526634335517883
1772648628833985500,7.836985595703125,0.7455323338508606,-0.02473633550107479,0.13502323627471924
1772648628844029400,7.847029541015625,0.7899019122123718,0.010811537504196167,0.1492469161748886
1772648628854072600,7.857072509765625,0.8260567784309387,0.07469706982374191,0.16345039010047913
1772648628864116500,7.867116455078125,0.8738262057304382,0.10900577157735825,0.16888244450092316
1772648628874159600,7.87715966796875,0.9266596436500549,0.15592412650585175,0.16777119040489197
1772648628884202500,7.887202392578125,0.9672816395759583,0.21952947974205017,0.1508025974035263
1772648628894246700,7.89724658203125,0.9967873096466064,0.27506279945373535,0.12462131679058075
1772648628904289500,7.90728955078125,1.024293303489685,0.32808977365493774,0.09734921902418137
1772648628914332400,7.91733251953125,1.055326223373413,0.384036123752594,0.07909459620714188
1772648628924376600,7.92737646484375,1.0864598751068115,0.43448546528816223,0.07715102285146713
1772648628934419500,7.93741943359375,1.1225693225860596,0.48069411516189575,0.08274319022893906
1772648628944463600,7.947463623046875,1.1574827432632446,0.4931068420410156,0.09313111752271652
1772648628954506500,7.957506591796875,1.183474063873291,0.4761442244052887,0.10505641996860504
1772648628964549600,7.967549560546875,1.200577735900879,0.44668886065483093,0.11266906559467316
1772648628974593300,7.97759326171875,1.2180107831954956,0.3982592821121216,0.11348772048950195
1772648628984636700,7.98763671875,1.2099584341049194,0.32393550872802734,0.10679519921541214
1772648628994680300,7.997680419921875,1.2131983041763306,0.24113382399082184,0.08301360160112381
1772648629004723500,8.007723388671875,1.2233421802520752,0.1654001772403717,0.0617128387093544
1772648629014766300,8.017766357421875,1.2261021137237549,0.0856499895453453,0.03728343918919563
1772648629024810500,8.027810546875,1.2330598831176758,-0.014847055077552795,0.032729435712099075
1772648629034853400,8.037853271484375,1.2412313222885132,-0.1008843332529068,0.03369579091668129
1772648629044897500,8.0478974609375,1.2300511598587036,-0.15170890092849731,0.036980003118515015
1772648629054940400,8.0579404296875,1.207062005996704,-0.18566009402275085,0.03577805683016777
1772648629064983300,8.0679833984375,1.1719919443130493,-0.197099968791008,0.018906665965914726
1772648629075027500,8.07802734375,1.1296212673187256,-0.1910019814968109,-0.009910273365676403
1772648629085070300,8.0880703125,1.0752063989639282,-0.16441164910793304,-0.05314669385552406
1772648629095114500,8.098114501953125,1.0238521099090576,-0.11899355798959732,-0.10383162647485733
1772648629105157400,8.108157470703125,0.9717033505439758,-0.060289494693279266,-0.14981749653816223
1772648629115200500,8.118200439453124,0.9279795289039612,-0.012635980732738972,-0.17752166092395782
1772648629125244400,8.128244384765624,0.8942428231239319,0.032261185348033905,-0.18421684205532074
1772648629135287600,8.13828759765625,0.8847891688346863,0.07203685492277145,-0.17317640781402588
1772648629145330400,8.148330322265625,0.8864757418632507,0.11006200313568115,-0.14813603460788727
1772648629155374600,8.15837451171875,0.8888165950775146,0.1486932784318924,-0.1313231885433197
1772648629165417500,8.16841748046875,0.8856607675552368,0.16881105303764343,-0.11320596933364868
1772648629175461600,8.178461669921875,0.8717045187950134,0.17077553272247314,-0.09725521504878998
1772648629185504500,8.18850439453125,0.8616009950637817,0.17279154062271118,-0.07327398657798767
1772648629195547600,8.198547607421874,0.8453734517097473,0.1794196218252182,-0.05683586746454239
1772648629205591600,8.208591552734376,0.8249941468238831,0.18100260198116302,-0.030389079824090004
1772648629215634700,8.218634765625,0.8026831150054932,0.19197309017181396,-0.007045059464871883
1772648629225678300,8.22867822265625,0.7833645343780518,0.192606121301651,0.011135808192193508
1772648629235721500,8.238721435546875,0.7600204348564148,0.185476154088974,0.01695815473794937
1772648629245764600,8.2487646484375,0.7378650903701782,0.15461784601211548,0.01797202043235302
1772648629255808500,8.25880859375,0.7140507698059082,0.10794142633676529,0.01116698794066906
1772648629265851400,8.268851318359374,0.6811907887458801,0.05201078578829765,0.002716777613386512
1772648629275895300,8.278895263671876,0.6504256129264832,0.0048800380900502205,0.010017854161560535
1772648629285938400,8.2889384765625,0.6152180433273315,-0.027191877365112305,0.025033023208379745
1772648629295981300,8.298981201171875,0.5794934034347534,-0.055274125188589096,0.04208090156316757
1772648629306025500,8.309025390625,0.5398054122924805,-0.06780456006526947,0.05553359165787697
1772648629316068400,8.319068359375,0.5030673146247864,-0.05013074725866318,0.06737302243709564
1772648629326112500,8.329112548828125,0.4690781831741333,-0.000056397635489702225,0.07330334931612015
1772648629336155400,8.3391552734375,0.43535593152046204,0.06208779662847519,0.07341889292001724
1772648629346198500,8.349198486328126,0.389779657125473,0.09927218407392502,0.0744151771068573
1772648629356242400,8.359242431640626,0.3331162631511688,0.07988358289003372,0.0862036868929863
1772648629366285600,8.36928564453125,0.2758825123310089,0.03799658641219139,0.11132288724184036
1772648629376329500,8.37932958984375,0.2280864715576172,0.0030881459824740887,0.1592753678560257
1772648629386372600,8.38937255859375,0.19031405448913574,-0.011680413037538528,0.20633342862129211
1772648629396415500,8.39941552734375,0.15605978667736053,-0.017356157302856445,0.24254760146141052
1772648629406459600,8.409459716796874,0.12707500159740448,-0.016386499628424644,0.2736913859844208
1772648629416502500,8.41950244140625,0.10125301778316498,-0.00980636477470398,0.2896861732006073
1772648629426546700,8.429546630859376,0.09012127667665482,-0.00010233884677290916,0.31318724155426025
1772648629436589600,8.439589599609375,0.09005559980869293,0.01449669897556305,0.35101085901260376
1772648629446632400,8.449632568359375,0.10513787716627121,0.034801971167325974,0.3994034230709076
1772648629456676600,8.459676513671875,0.13648657500743866,0.047814060002565384,0.44418850541114807
1772648629466719500,8.469719482421874,0.17571201920509338,0.03569880872964859,0.4598734676837921
1772648629476762600,8.4797626953125,0.2066461443901062,0.01215404737740755,0.44210177659988403
1772648629486806300,8.48980615234375,0.2286244034767151,0.0010603833943605423,0.3890768885612488
1772648629496849700,8.499849609375,0.23572185635566711,0.0011480189859867096,0.3018849492073059
1772648629506893300,8.509893310546875,0.22386546432971954,0.006815492175519466,0.1921187937259674
1772648629516936400,8.5199365234375,0.17575709521770477,0.0033322046510875225,0.06650275737047195
1772648629526979300,8.529979248046875,0.09976325929164886,0.0027665491215884686,-0.044922564178705215
1772648629537023500,8.5400234375,0.015888534486293793,0.0014676018618047237,-0.1331043690443039
1772648629547066400,8.55006640625,-0.0506148561835289,-0.008092347532510757,-0.19449768960475922
1772648629557110500,8.560110595703126,-0.08685058355331421,-0.019386418163776398,-0.22501596808433533
1772648629567153400,8.5701533203125,-0.10112006217241287,-0.015538417734205723,-0.22536936402320862
1772648629577196300,8.5801962890625,-0.09470770508050919,-0.013901906087994576,-0.2058079093694687
1772648629587240400,8.590240478515625,-0.07480643689632416,-0.01730436086654663,-0.16406819224357605
1772648629597283300,8.600283447265625,-0.04034004360437393,-0.030987419188022614,-0.1012209951877594
1772648629607327500,8.610327392578125,0.006230385974049568,-0.033529140055179596,-0.0234681386500597
1772648629617370400,8.620370361328124,0.04973366856575012,-0.017852842807769775,0.054104577749967575
1772648629627413500,8.63041357421875,0.08063405752182007,0.015664104372262955,0.1196039617061615
1772648629637457400,8.64045751953125,0.10588860511779785,0.05496213585138321,0.1693892925977707
1772648629647500500,8.65050048828125,0.13969610631465912,0.09889070689678192,0.21012553572654724
1772648629657543700,8.660543701171875,0.1805456131696701,0.11179810762405396,0.2486383318901062
1772648629667586800,8.6705869140625,0.228746697306633,0.10085678100585938,0.2780020833015442
1772648629677629700,8.680629638671874,0.27188053727149963,0.06325894594192505,0.2864707112312317
1772648629687673900,8.690673828125,0.3089165985584259,0.01938576251268387,0.25861430168151855
1772648629697716700,8.700716796875,0.33794936537742615,-0.012116912752389908,0.20762304961681366
1772648629707761000,8.710760986328125,0.35654860734939575,-0.02795952558517456,0.14036890864372253
1772648629717803800,8.7208037109375,0.3613741993904114,-0.048556938767433167,0.05903398618102074
1772648629727847000,8.730846923828125,0.35231998562812805,-0.049628064036369324,-0.01695132441818714
1772648629737890800,8.740890869140625,0.33956605195999146,-0.044582728296518326,-0.0745079293847084
1772648629747934000,8.750933837890624,0.3171677887439728,-0.05021291598677635,-0.11656004190444946
1772648629757976800,8.760976806640626,0.29156118631362915,-0.07151416689157486,-0.14272262156009674
1772648629768021000,8.77102099609375,0.2546148896217346,-0.09392306953668594,-0.15727733075618744
1772648629778064000,8.78106396484375,0.21274146437644958,-0.10815450549125671,-0.17056001722812653
1772648629788107800,8.791107666015625,0.1706201136112213,-0.11813762784004211,-0.18269577622413635
1772648629798150700,8.801150634765625,0.1300867646932602,-0.12988722324371338,-0.17924943566322327
1772648629808193800,8.81119384765625,0.10760942846536636,-0.12709490954875946,-0.16854219138622284
1772648629818237700,8.82123779296875,0.10145950317382812,-0.11466381698846817,-0.1432030349969864
1772648629828280600,8.831280517578126,0.11293107271194458,-0.09577774256467819,-0.1140022799372673
1772648629838324700,8.84132470703125,0.135043665766716,-0.07292687147855759,-0.09114803373813629
1772648629848367600,8.85136767578125,0.16578666865825653,-0.04544118046760559,-0.07918191701173782
1772648629858410800,8.86141064453125,0.1999291479587555,-0.01075020618736744,-0.0789664089679718
1772648629868454700,8.87145458984375,0.23771780729293823,0.009867453947663307,-0.08971119672060013
1772648629878497800,8.881497802734375,0.2697422504425049,0.015542156994342804,-0.1164872944355011
1772648629888541700,8.891541748046874,0.29148057103157043,0.022967582568526268,-0.15207378566265106
1772648629898584800,8.901584716796876,0.30644431710243225,0.022616581991314888,-0.17957498133182526
1772648629908627700,8.911627685546875,0.3209569454193115,0.014271833002567291,-0.18372897803783417
1772648629918672000,8.921671875,0.33177781105041504,0.009542303159832954,-0.18157730996608734
1772648629928713700,8.931713623046875,0.3341253995895386,0.005839976482093334,-0.1802651733160019
1772648629938757600,8.941757568359375,0.3307217061519623,0.005468748975545168,-0.1893942505121231
1772648629948800800,8.95180078125,0.3278564214706421,0.02068738453090191,-0.20465229451656342
1772648629958843600,8.96184375,0.325702965259552,0.03413315862417221,-0.22555579245090485
1772648629968887800,8.9718876953125,0.3230624496936798,0.04596984386444092,-0.24872076511383057
1772648629978930700,8.9819306640625,0.3289640545845032,0.05339006707072258,-0.2650177478790283
1772648629988974800,8.991974853515625,0.33158060908317566,0.05178071931004524,-0.2834036946296692
1772648629999017700,9.002017822265625,0.3284209370613098,0.05070668086409569,-0.29559239745140076
1772648630009060900,9.012060791015625,0.32551807165145874,0.06662759184837341,-0.3009602725505829
1772648630019104800,9.022104736328124,0.3215813934803009,0.07666806876659393,-0.2994500696659088
1772648630029148000,9.03214794921875,0.30774015188217163,0.07527151703834534,-0.28744426369667053
1772648630039191800,9.04219189453125,0.28877341747283936,0.07961725443601608,-0.26220518350601196
1772648630049235000,9.05223486328125,0.2812739610671997,0.09059134125709534,-0.22304873168468475
1772648630059277800,9.06227783203125,0.28925710916519165,0.1091151162981987,-0.17480669915676117
1772648630069322000,9.072322021484375,0.3100385367870331,0.12945954501628876,-0.12113041430711746
1772648630079364900,9.08236474609375,0.3310505151748657,0.13454855978488922,-0.07507073879241943
1772648630089408800,9.09240869140625,0.35993486642837524,0.13375920057296753,-0.04830543324351311
1772648630099452000,9.102451904296874,0.3862152695655823,0.14561091363430023,-0.02853916585445404
1772648630109494800,9.112494873046876,0.4110838770866394,0.15738369524478912,-0.02479635924100876
1772648630119538700,9.12253857421875,0.43272799253463745,0.15206150710582733,-0.018260963261127472
1772648630129581600,9.13258154296875,0.44617483019828796,0.1280784159898758,-0.010385197587311268
1772648630139625700,9.142625732421875,0.4551132321357727,0.1094253733754158,0.01166210975497961
1772648630149668600,9.152668701171875,0.4618254601955414,0.10304629802703857,0.03529473394155502
1772648630159711700,9.162711669921874,0.46802470088005066,0.10273551195859909,0.05156999081373215
1772648630169755600,9.172755615234376,0.4759436249732971,0.10196612775325775,0.05062882602214813
1772648630179798800,9.182798828125,0.47313427925109863,0.08083673566579819,0.040434204041957855
1772648630189841700,9.192841552734375,0.4523445963859558,0.03740244358778,0.03280105069279671
1772648630199885800,9.2028857421875,0.42220211029052734,-0.01830182783305645,0.043598778545856476
1772648630209928700,9.2129287109375,0.3836653530597687,-0.057810086756944656,0.0757141038775444
1772648630219972900,9.222972900390625,0.34290847182273865,-0.06693129241466522,0.1157689243555069
1772648630230015700,9.233015625,0.29577797651290894,-0.04543958231806755,0.142791748046875
1772648630240058600,9.24305859375,0.26214924454689026,0.022658763453364372,0.1434963494539261
1772648630250102800,9.253102783203126,0.2565353214740753,0.12749063968658447,0.12921300530433655
1772648630260145700,9.263145751953125,0.27218517661094666,0.24569983780384064,0.11390028893947601
1772648630270189800,9.27318994140625,0.290991872549057,0.32848525047302246,0.08820930868387222
1772648630280232700,9.283232666015625,0.30838048458099365,0.3558041453361511,0.06791776418685913
1772648630290276900,9.29327685546875,0.3277834951877594,0.36204099655151367,0.0697321742773056
1772648630300319700,9.30331982421875,0.3449091911315918,0.32272353768348694,0.08487287908792496
1772648630310363600,9.31336376953125,0.3407682478427887,0.23842543363571167,0.10379889607429504
1772648630320406800,9.32340673828125,0.31875041127204895,0.14680759608745575,0.13007204234600067
1772648630330450000,9.333449951171875,0.2936261296272278,0.09122101962566376,0.1656723916530609
1772648630340493600,9.34349365234375,0.264126718044281,0.07154401391744614,0.20652897655963898
1772648630350536700,9.35353662109375,0.23533447086811066,0.07454006373882294,0.24846389889717102
1772648630360580600,9.36358056640625,0.20147190988063812,0.06901882588863373,0.2866779565811157
1772648630370623700,9.373623779296874,0.18338079750537872,0.0608288049697876,0.3258967399597168
1772648630380666600,9.38366650390625,0.16959702968597412,0.05040986090898514,0.36143773794174194
1772648630390710800,9.393710693359376,0.1631055772304535,0.028549302369356155,0.38968828320503235
1772648630400753700,9.403753662109375,0.16402393579483032,0.010462163016200066,0.39623188972473145
1772648630410797800,9.4137978515625,0.16564179956912994,-0.004486427642405033,0.3688271641731262
1772648630420840700,9.4238408203125,0.16945065557956696,-0.029121199622750282,0.3260176479816437
1772648630430883600,9.433883544921875,0.17223472893238068,-0.04937374219298363,0.27148303389549255
1772648630440927700,9.443927734375,0.17019042372703552,-0.07318971306085587,0.2355780303478241
1772648630450970600,9.453970703125,0.1672271192073822,-0.07740496844053268,0.22100521624088287
1772648630461013800,9.464013671875,0.16979017853736877,-0.06275438517332077,0.22172698378562927
1772648630471057700,9.4740576171875,0.1722693145275116,-0.025241103023290634,0.22788874804973602
1772648630481100800,9.484100830078125,0.18386782705783844,0.030494706705212593,0.233046755194664
1772648630491144700,9.494144775390625,0.20280636847019196,0.10359261929988861,0.2313401997089386
1772648630501187800,9.504187744140625,0.2354855239391327,0.16933384537696838,0.22374917566776276
1772648630511230700,9.514230712890624,0.2732858955860138,0.21637699007987976,0.20103293657302856
1772648630521275000,9.52427490234375,0.3088275194168091,0.22360971570014954,0.1677161455154419
1772648630531317800,9.53431787109375,0.3310289680957794,0.18968424201011658,0.14021021127700806
1772648630541362000,9.54436181640625,0.3406933546066284,0.13222374022006989,0.13719740509986877
1772648630551404800,9.55440478515625,0.3397844135761261,0.061580196022987366,0.14081716537475586
1772648630561448000,9.564447998046875,0.33833566308021545,-0.0022645662538707256,0.1519917994737625
1772648630571491800,9.574491943359375,0.3339792788028717,-0.05538264662027359,0.1578795164823532
1772648630581535000,9.584534912109374,0.3240567147731781,-0.10308942943811417,0.15124152600765228
1772648630591578600,9.59457861328125,0.30534055829048157,-0.13348889350891113,0.11807479709386826
1772648630601621800,9.604621826171876,0.28571775555610657,-0.14192311465740204,0.07044024765491486
1772648630611665000,9.614664794921875,0.27617111802101135,-0.12703336775302887,0.007204816676676273
1772648630621708800,9.624708740234375,0.27481135725975037,-0.11193457990884781,-0.07029843330383301
1772648630631751700,9.634751708984375,0.27299532294273376,-0.09177365154027939,-0.14749042689800262
1772648630641795800,9.6447958984375,0.24639344215393066,-0.080281563103199,-0.21927377581596375
1772648630651838700,9.654838623046874,0.20772035419940948,-0.06241840869188309,-0.26840007305145264
1772648630661882000,9.664882080078126,0.17156164348125458,-0.030720146372914314,-0.28933069109916687
1772648630671926000,9.674926025390626,0.14949122071266174,0.009448578581213951,-0.28454047441482544
1772648630681969200,9.68496923828125,0.12900124490261078,0.03295401856303215,-0.2611956000328064
1772648630692013000,9.695012939453125,0.09982845932245255,0.0479300394654274,-0.22024869918823242
1772648630702056200,9.70505615234375,0.06792822480201721,0.06602995842695236,-0.16155654191970825
1772648630712099000,9.71509912109375,0.05536183342337608,0.08293943852186203,-0.10702326148748398
1772648630722143200,9.725143310546875,0.05230382829904556,0.08170145004987717,-0.07063640654087067
1772648630732186000,9.73518603515625,0.052485186606645584,0.07526112347841263,-0.05832461640238762
1772648630742230300,9.745230224609376,0.06128222122788429,0.09032678604125977,-0.06359874457120895
1772648630752273200,9.755273193359375,0.08003993332386017,0.1426435261964798,-0.0729815885424614
1772648630762316000,9.76531591796875,0.10031240433454514,0.2022436112165451,-0.08735863119363785
1772648630772360200,9.775360107421875,0.10871227830648422,0.241590216755867,-0.10820239037275314
1772648630782403000,9.785403076171875,0.11116716265678406,0.26397231221199036,-0.132129967212677
1772648630792446200,9.7954462890625,0.11203295737504959,0.2604721188545227,-0.15320488810539246
1772648630802490000,9.805489990234374,0.10878939926624298,0.24887621402740479,-0.16998912394046783
1772648630812533200,9.815533203125,0.08416661620140076,0.19672086834907532,-0.17723877727985382
1772648630822577000,9.825576904296875,0.053885407745838165,0.123723603785038,-0.18323515355587006
1772648630832620000,9.8356201171875,0.015381159260869026,0.03802068904042244,-0.17387281358242035
1772648630842663200,9.8456630859375,-0.022784054279327393,-0.04753455892205238,-0.14196771383285522
1772648630852707000,9.85570703125,-0.06170961633324623,-0.09637719392776489,-0.10412338376045227
1772648630862750000,9.86575,-0.08215905725955963,-0.1169264018535614,-0.06069593504071236
1772648630872794000,9.875794189453124,-0.09477897733449936,-0.10411899536848068,-0.026080435141921043
1772648630882837000,9.8858369140625,-0.10474670678377151,-0.060066044330596924,-0.027435841038823128
1772648630892880100,9.895880126953125,-0.10629294067621231,-0.013066312298178673,-0.06372993439435959
1772648630902924000,9.905924072265625,-0.11324381828308105,0.025881722569465637,-0.1307716965675354
1772648630912967200,9.91596728515625,-0.11381399631500244,0.06616176664829254,-0.19269125163555145
1772648630923011000,9.926010986328125,-0.11616159230470657,0.08807599544525146,-0.2333802580833435
1772648630933054200,9.93605419921875,-0.11732166260480881,0.0745047926902771,-0.23922723531723022
1772648630943097000,9.94609716796875,-0.11485050618648529,0.03589458018541336,-0.21801863610744476
1772648630953141200,9.956141357421876,-0.1120469942688942,-0.0005832724273204803,-0.17797879874706268
1772648630963184000,9.96618408203125,-0.1079232469201088,-0.019163629040122032,-0.14072546362876892
1772648630973228300,9.976228271484375,-0.11776548624038696,-0.05725056305527687,-0.1046777069568634
1772648630983271200,9.986271240234375,-0.14433248341083527,-0.11639832705259323,-0.06901468336582184
1772648630993314000,9.99631396484375,-0.18475660681724548,-0.18198931217193604,-0.007795538287609816
1772648631003358200,10.006358154296874,-0.20335854589939117,-0.2938689589500427,0.034274354577064514
1772648631013401000,10.016401123046874,-0.19425585865974426,-0.3226231038570404,0.07314185798168182
1772648631023444200,10.0264443359375,-0.1872921884059906,-0.30644547939300537,0.09968056529760361
1772648631033488100,10.036488037109375,-0.19755281507968903,-0.2959323823451996,0.10153039544820786
1772648631043531300,10.04653125,-0.2071758210659027,-0.26562371850013733,0.08513849973678589
1772648631053575000,10.056574951171875,-0.20033708214759827,-0.23324236273765564,0.07006847113370895
1772648631063618300,10.066618408203125,-0.16857783496379852,-0.19248120486736298,0.07765272259712219
1772648631073661200,10.0766611328125,-0.13365447521209717,-0.1699809581041336,0.10586012154817581
