accel_variance,gyro_variance,accel_sma,gyro_sma,accel_dom_freq,gyro_dom_freq,activity_code,activity_name
10.743301667399658,0.1945246994949043,4.177442027993652,0.8838270597165683,0.5,0.5,2,Jumping
15.050534436935564,0.28633512239690573,9.61787888697719,1.4250832575990353,0.5,0.5,2,Jumping
9.416049013090905,0.259559499546202,10.526779976370285,1.4478638756426516,4.0,4.0,2,Jumping
8.467220531168751,0.19283237225980807,9.77669744148123,1.2107291976478882,3.5,2.0,2,Jumping
8.312392930005053,0.193004862658753,9.646012481462922,1.3173476387104892,3.5,2.0,2,Jumping
5.188752956687827,0.21462599673573832,8.420948819306581,1.4180939151217171,4.0,4.0,2,Jumping
4.891518414631804,0.18633734458586232,8.126625567254706,1.2617900731175906,3.5,0.5,2,Jumping
4.506976945989112,0.14340736036960755,7.886293980185356,1.1690360969532048,3.5,3.0,2,Jumping
5.8526577816440515,0.2505095725749468,8.715516383881356,1.7844613685645163,3.5,3.5,2,Jumping
5.882893434350849,0.18176699876842403,9.234201112752043,1.4719636515853927,3.5,3.5,2,Jumping
6.177436797699982,0.14865972826373228,9.31120346181823,1.3214436973398551,4.0,4.0,2,Jumping
6.203860005973641,0.19058277576845728,8.826009854875396,1.3094691187655554,3.5,3.0,2,Jumping
6.310132306163308,0.21505594058232774,8.89393661212628,1.419345539989881,4.0,3.5,2,Jumping
6.9063931999139445,0.18926648041616484,8.895898546423275,1.405369449214486,3.5,2.0,2,Jumping
5.501203999373308,0.18147561205571858,8.657551621414632,1.4177775668198591,3.5,1.5,2,Jumping
4.6460577705544175,0.17084017428943823,8.56300593750617,1.4785195708461105,3.5,5.5,2,Jumping
6.492831186024569,0.1690271181166815,9.382121834660225,1.5192180737573653,3.5,2.5,2,Jumping
6.06235782778539,0.15014317911903785,9.384514260926473,1.352647052127868,3.5,7.0,2,Jumping
6.481348024423374,0.17466463604503615,9.508427021204156,1.3078748614527285,3.5,3.5,2,Jumping
6.901215997211739,0.15633680662886784,9.28977847684542,1.2474487509508618,3.5,4.0,2,Jumping
7.323570812357172,0.15849059947841768,9.109153293025987,1.2810209634923375,3.5,2.0,2,Jumping
6.761659856747062,0.18400612843692488,8.972321881165952,1.3498998398007824,3.5,1.5,2,Jumping
5.9520415773837065,0.16908953731288437,8.464705904206234,1.3985196216171607,3.5,9.0,2,Jumping
7.945892788312602,0.18450166934547474,9.250772517839223,1.4364730025362222,3.5,5.5,2,Jumping
4.02395931675436,0.3139322529031299,8.12590262574097,1.6781411386467517,3.5,5.5,2,Jumping
3.8570051126341167,0.28263124190651834,8.047518885911025,1.4936328228097409,3.5,3.5,2,Jumping
5.682925468737732,0.19628220067156815,8.425503634391035,1.3795335119054652,3.5,3.5,2,Jumping
9.6800856288943,0.12140241076475894,10.64709689265098,1.3719529082183726,3.5,2.0,2,Jumping
11.880971224541698,0.23511059321358616,12.286873451865016,1.7140626587625594,4.0,2.0,2,Jumping
12.780416718137758,0.26084681053092984,11.893743968775777,1.842478046878241,4.0,6.0,2,Jumping
8.96315335236103,0.3527457685284046,10.823546956302373,1.776891857014416,4.0,2.5,2,Jumping
5.58669058509338,0.40075307585508085,9.303677843227211,1.8010421470172877,4.0,2.5,2,Jumping
5.262442942622557,0.3312834064236954,8.346714853314236,1.6544177527239663,4.0,1.5,2,Jumping
5.031880404021302,0.23966126901652063,2.5401474060794325,0.7507970252505038,0.5,0.5,2,Jumping
12.46034153216656,0.3967036123081293,6.504949145557313,1.2208398693299387,0.5,0.5,2,Jumping
8.22313977331719,0.22684279313271635,10.665555887106995,1.5596259633370209,4.0,3.5,2,Jumping
12.32109609279279,0.1954221984903846,12.185249251528926,1.3243870858894662,3.5,2.0,2,Jumping
12.730846452486153,0.22809729758289232,10.869138489904904,1.3454826739730197,3.5,0.5,2,Jumping
6.045558090336362,0.27855785921773624,9.130321713486095,1.5614398775363225,4.0,2.0,2,Jumping
5.544178431314126,0.22971679959276092,8.857615494361827,1.419723760895431,4.0,3.0,2,Jumping
4.471676595225974,0.20206933634439,8.575236658381018,1.381377946231514,4.0,3.5,2,Jumping
6.9858160968936485,0.31728750817122586,10.156654025237064,1.639024486967828,4.0,0.5,2,Jumping
8.53823987321923,0.2571976760988368,10.113172126073547,1.6450150651461444,4.0,6.5,2,Jumping
12.529583468863596,0.4107004909531451,11.386892011747234,2.0822395936353133,4.0,4.5,2,Jumping
14.798937221377326,0.4642327921782816,12.308761609608599,2.100580757795833,4.0,1.0,2,Jumping
11.200114528964919,0.33272660918698477,11.141862399766831,1.7620995286479593,4.0,2.0,2,Jumping
6.857095646025599,0.4044516021680571,10.085565027669855,1.5362257060362026,4.0,2.0,2,Jumping
10.283388916315207,0.3591225109814097,10.171839678661863,1.459700422398746,4.0,1.0,2,Jumping
12.419918510296686,0.25982642037993325,10.753241614035257,1.589013755689375,4.0,7.5,2,Jumping
1.6988784479435948,0.20868704341713923,2.211978604466283,0.9226687563705491,0.5,0.5,2,Jumping
7.936544303186312,0.1954310690260143,4.513460269671446,0.860564419424627,1.0,1.0,2,Jumping
10.547520678589901,0.16359024338675707,8.135103978993476,1.031649852982955,3.5,0.5,2,Jumping
7.682627179219066,0.23348713846646477,9.776460413973373,1.2341710245260038,3.5,2.0,2,Jumping
8.829609084329379,0.24886376640490815,10.25107384427535,1.368872132266406,3.5,2.0,2,Jumping
7.7510541914454185,0.21984765908467413,9.961387884762201,1.4771219271002338,4.0,3.5,2,Jumping
5.895976700513836,0.16172127484314938,8.802518550955874,1.3800260930135846,3.5,3.5,2,Jumping
5.516012167032861,0.141628064025528,7.983263434889746,1.421131179118529,3.5,5.0,2,Jumping
5.4462934497274285,0.24760310381360173,8.152994730996758,1.6157531331432984,4.0,3.0,2,Jumping
8.560007895952255,0.2156245959734237,8.184100798575367,1.39884943226818,3.5,1.0,2,Jumping
11.48045716776699,0.24450647496843636,9.072437141531752,1.4680330998357385,0.5,0.5,2,Jumping
9.027503310345786,0.2088933097508325,10.211113372531068,1.542985406126827,4.0,2.0,2,Jumping
6.439724962947307,0.18519870235392535,9.612572909342504,1.505343796100933,4.0,8.5,2,Jumping
4.20638331702857,0.20176220798307998,8.10885545079698,1.6047746902913786,4.0,8.5,2,Jumping
2.5664329282059075,0.22132521440213304,7.112124332186742,1.8050670297443867,4.0,1.0,2,Jumping
3.086084602974334,0.21793331947421354,7.019084687010698,1.7265321033075451,4.0,2.5,2,Jumping
0.8236255079300492,0.2400005746783151,1.388753712826919,0.7786242308234796,0.5,0.5,0,Standing
0.047204258185678964,0.014039785892751754,0.5151153891511363,0.2693616842478513,1.0,1.5,0,Standing
0.020137499816771487,0.002838035330532342,0.3653983022874742,0.1465842811740002,1.0,4.5,0,Standing
0.013015561126079432,0.0010473681055930568,0.2876787243130429,0.1071384834341005,1.0,1.5,0,Standing
0.0060737732435239425,0.0006030023803160826,0.23651741862100348,0.08421656351827536,8.0,1.5,0,Standing
0.005089579845697744,0.00094201683645353,0.24121965756955727,0.09786474865919433,0.5,0.5,0,Standing
0.009414117857928091,0.0011548874414027512,0.278801671476785,0.11186258363246437,2.5,2.5,0,Standing
0.030163728701667822,0.01668762470542439,0.40952680573023836,0.2193216054531512,0.5,0.5,0,Standing
0.03142662575989131,0.01344677408317785,0.47094850399180116,0.2890195312508148,0.5,0.5,0,Standing
0.08021527195852142,0.026985608093020183,0.8240114344319273,0.3783788706973428,1.0,0.5,0,Standing
0.0391153040909481,0.0034430129738934473,0.5129238472580163,0.19849211092980107,0.5,0.5,0,Standing
0.011946727766658222,0.0020127775956700978,0.3206330082769951,0.13473145197902325,0.5,1.0,0,Standing
0.009178665404187469,0.001458193195027601,0.32981882822560876,0.1254158691060728,0.5,1.0,0,Standing
0.008076799751731789,0.0013177762141280882,0.35250019112398456,0.1314653352956519,3.5,1.0,0,Standing
0.0064651226575412005,0.0010317425829930256,0.31301203379883236,0.10738732929166858,1.0,1.0,0,Standing
0.016885753404282253,0.006400136137774508,0.3366838770764581,0.13810072064225085,0.5,0.5,0,Standing
0.025523351106880008,0.00835931893622366,0.3608746070114298,0.16363333818386294,0.5,0.5,0,Standing
0.014963683029549361,0.004132668759580021,0.3285156454403808,0.1271825463365529,1.0,1.0,0,Standing
0.2006866602832593,0.10524919521793716,1.1027323333860597,0.6227052169060334,0.5,0.5,0,Standing
0.07865337075272955,0.01409338842688761,0.46228251908729945,0.1989833128533791,0.5,0.5,0,Standing
0.005260134344227861,0.000658245508351753,0.24312771018210408,0.0818843567522707,7.5,1.0,0,Standing
0.004625048379785286,0.0006072575072052034,0.2203900914357601,0.07397525305568693,9.0,1.0,0,Standing
0.004027027102709383,0.0006347100227100341,0.20550911214577955,0.07054773493087835,5.0,1.0,0,Standing
0.004196534911603018,0.0006578260904475327,0.22218600790768478,0.07701475699315764,5.0,1.0,0,Standing
0.006454522375056976,0.0015232066315512616,0.24365467310533467,0.09482614272274063,3.0,1.0,0,Standing
0.006655954571555948,0.0014646789488653238,0.2453007685797567,0.096418344954145,3.0,2.5,0,Standing
0.3372108378059492,0.12380278453623424,1.1802510994132782,0.5962321914220229,0.5,1.0,0,Standing
0.055314823951731665,0.014757874759562823,0.4924238257977962,0.33367978302412665,0.5,0.5,0,Standing
0.009445254554931524,0.0056758359727479704,0.34704771906067045,0.20893067990778932,0.5,0.5,0,Standing
0.011102845798440009,0.003260025815191722,0.3632508989208861,0.15714286981208703,5.5,3.5,0,Standing
0.010589147000778043,0.0027070521906571404,0.33446447796605416,0.13622956043574944,1.0,3.5,0,Standing
0.009807301962470929,0.001084259036881452,0.33616679659175114,0.11911786038021081,1.0,3.0,0,Standing
0.01887379574047629,0.00864831022441129,0.42336666323420763,0.19921545601799143,0.5,0.5,0,Standing
0.01949446781807808,0.007684063470679321,0.42026295572977435,0.2139427004917524,1.0,0.5,0,Standing
0.01099766864114183,0.0018699989959904087,0.33887275133497097,0.13435863280610635,1.5,3.5,0,Standing
0.02408956219243531,0.006051351197989201,0.47518762186324204,0.24669557260582217,2.0,1.0,0,Standing
0.017691504393728474,0.0036623217920209155,0.35231870803702237,0.17405566190776867,2.5,1.0,0,Standing
0.009419441352492291,0.0013970516025981832,0.2993630534877012,0.12816919006465455,0.5,2.5,0,Standing
0.031066380891120075,0.004826815400434029,0.41811079262541306,0.19216112419147963,0.5,0.5,0,Standing
0.027207834186226933,0.004296743076921289,0.46164449152513576,0.22344588745618232,0.5,0.5,0,Standing
0.014196728192118813,0.005898685366998058,0.3828405693221014,0.18862810772086946,0.5,0.5,0,Standing
0.01490586832742215,0.0063308708416260715,0.33279564479561935,0.15644450912193847,0.5,0.5,0,Standing
0.00762201412097679,0.0018636979111478825,0.29305555958632495,0.11323151048796704,4.5,0.5,0,Standing
0.007174268536124669,0.0007873343428980361,0.30820799633318513,0.09093077454832368,4.0,8.5,0,Standing
0.008657262429535106,0.0017121733962580793,0.35353452964192245,0.1406994858355027,1.5,1.0,0,Standing
0.010596747059755772,0.0012961031344930476,0.3329144638252387,0.14731486337841473,5.0,6.0,0,Standing
0.009919976764711463,0.0015747940502680627,0.28019361537226645,0.12091350633272654,2.5,0.5,0,Standing
0.007359804135731967,0.0009023362646697218,0.25644327117018195,0.09611525219661403,2.5,9.0,0,Standing
0.013253444953195293,0.0027059158048257067,0.286219888463158,0.1149435373890445,2.0,1.0,0,Standing
0.020727959370004295,0.005007414536950423,0.30181142133007,0.13226748169166952,2.5,1.5,0,Standing
0.017948258062201617,0.0036676659295194853,0.31569197021693357,0.13956469571101465,3.5,1.5,0,Standing
0.11952831952601624,0.03390469934300247,0.4868695453649981,0.24797953222645439,0.5,1.0,0,Standing
0.021703253676027007,0.003508274001905794,0.3580580981497819,0.13753218870231634,1.0,0.5,0,Standing
0.03700555322533656,0.0036879920975105636,0.45153492934935335,0.17190931170596727,0.5,0.5,0,Standing
0.036803658956723634,0.0031360558084694724,0.48676515843199697,0.17198263326834407,1.0,2.0,0,Standing
0.02601372825567192,0.0027261465225845768,0.33963982171692825,0.11174961294163936,1.5,2.0,0,Standing
0.006414120547770229,0.0008272963295534505,0.2623296566650969,0.08230006732337629,4.5,4.0,0,Standing
0.01639100374951777,0.00114222106986308,0.35642496554424224,0.10018990959390052,0.5,5.0,0,Standing
0.018127639443220017,0.0012424104742286793,0.32193202981435776,0.09420720396912642,0.5,5.5,0,Standing
0.006309922968937845,0.0007389962519501535,0.2429642822456619,0.08485228525591068,1.0,1.5,0,Standing
0.10333246410406285,0.06510325190099145,0.5371689399206862,0.36736473837518135,0.5,0.5,0,Standing
0.014011818326978911,0.0028655038729203685,0.33398610981811194,0.1910610058845485,0.5,0.5,0,Standing
0.017584606473487304,0.0036201967803443104,0.3666986665812152,0.20982170588220458,1.5,2.5,0,Standing
0.012280179827068088,0.0034679672905869536,0.286118489258997,0.1478633621218613,0.5,0.5,0,Standing
0.0046483862290088605,0.0020914930082849524,0.22779736215377025,0.10602315763244391,6.0,1.5,0,Standing
0.009088697492835272,0.0020911122028240896,0.24465444226806407,0.11413032640470178,2.0,0.5,0,Standing
0.011555259374077365,0.0022288146027210276,0.258650674978094,0.11956265213375432,0.5,0.5,0,Standing
0.009315779575137987,0.0019422585429062116,0.25599406628062094,0.11452205183275495,0.5,0.5,0,Standing
0.08021527195852142,0.026985608093020183,0.8240114344319273,0.3783788706973428,1.0,0.5,3,Still
0.0391153040909481,0.0034430129738934473,0.5129238472580163,0.19849211092980107,0.5,0.5,3,Still
0.011946727766658222,0.0020127775956700978,0.3206330082769951,0.13473145197902325,0.5,1.0,3,Still
0.009178665404187469,0.001458193195027601,0.32981882822560876,0.1254158691060728,0.5,1.0,3,Still
0.008076799751731789,0.0013177762141280882,0.35250019112398456,0.1314653352956519,3.5,1.0,3,Still
0.0064651226575412005,0.0010317425829930256,0.31301203379883236,0.10738732929166858,1.0,1.0,3,Still
0.016885753404282253,0.006400136137774508,0.3366838770764581,0.13810072064225085,0.5,0.5,3,Still
0.025523351106880008,0.00835931893622366,0.3608746070114298,0.16363333818386294,0.5,0.5,3,Still
0.014963683029549361,0.004132668759580021,0.3285156454403808,0.1271825463365529,1.0,1.0,3,Still
7.237458530828399e-05,1.0442804786936963e-06,0.06643792533592283,0.0033118544088209345,6.0,13.5,3,Still
5.372659305797958e-05,1.066204873130793e-06,0.058671321978184955,0.0034000841967643564,6.0,2.5,3,Still
5.6871657768450925e-05,9.382302574878852e-07,0.05789843841187035,0.0034838490595573935,12.5,7.0,3,Still
7.652986747887837e-05,9.426868983878199e-07,0.058056633187766285,0.003356426885002147,6.5,18.5,3,Still
7.986375029972683e-05,0.0006421439445437341,0.05883088668159403,0.00727125635370597,2.5,24.0,3,Still
0.00015673151162028353,0.0009066878500315296,0.06104438212091204,0.013132650191691776,13.0,0.5,3,Still
0.00015123552199681619,0.0002870999583555106,0.062005772033022336,0.00927235048206042,13.0,0.5,3,Still
5.49681841985727e-05,8.709027540569211e-07,0.06021187006099158,0.003367115657310774,19.5,15.0,3,Still
7.4343563009257e-05,8.570801975568118e-07,0.06637990583014988,0.003305618765734688,25.0,3.0,3,Still
6.113301408212156e-05,1.0241750369088422e-06,0.0605843100104405,0.0034966859499398558,0.5,18.0,3,Still
6.157055838495409e-05,9.721996779058187e-07,0.06206891409684027,0.003670357428490966,10.5,18.5,3,Still
7.872446417672198e-05,7.474507510989138e-07,0.06575053937542075,0.003243808366241715,24.0,18.0,3,Still
9.304558006514539e-05,7.120228349844099e-07,0.06615661810296342,0.003133819893409812,0.5,21.5,3,Still
8.046597861633815e-05,8.967459105223981e-07,0.06704429761282713,0.003386067851388214,1.5,7.0,3,Still
7.10966953727422e-05,1.0105843271922715e-06,0.06257971170188542,0.0035122523552853103,12.0,7.0,3,Still
7.766094351878667e-05,1.0593478041473079e-06,0.058997248004607004,0.0034756924590327184,25.0,16.0,3,Still
8.216203340164903e-05,6.173879434768805e-07,0.07204844800828869,0.0033053059488882693,25.0,15.0,3,Still
7.163814453925854e-05,6.684331610633752e-07,0.06442903662385731,0.0035126632521858847,9.0,9.5,3,Still
5.5260534717511686e-05,8.786643501875723e-07,0.05939697731745717,0.003535668127587851,9.0,9.5,3,Still
7.77507203189855e-05,1.2196694526223446e-06,0.06433424977790758,0.0035628804104634064,0.5,18.5,3,Still
7.859587001851611e-05,1.1814325561249445e-06,0.06623339021260183,0.0034317124776133386,15.5,18.0,3,Still
0.00010937087234339896,9.398648605577868e-07,0.0727525553590896,0.0032262838941822716,0.5,18.5,3,Still
0.00014676761576718985,8.3546770868025e-07,0.08559314596103791,0.003065853866282707,13.0,18.5,3,Still
0.0001474365451678463,8.142688259191094e-07,0.08113702945261737,0.003293051984510245,13.0,22.5,3,Still
5.741869904822843,0.47038715049929136,3.0370946015563147,1.1931948414864018,0.5,0.5,3,Still
0.5775188025151179,0.16007936134545223,0.5935002034967095,0.28251779369573343,0.5,0.5,3,Still
0.00010291442351124083,2.4987961650212782e-05,0.0680793286522069,0.005381989204033589,13.5,0.5,3,Still
7.336731433718355e-05,9.629507449659098e-07,0.0655708378015804,0.003087886213324813,15.5,6.5,3,Still
5.225017514728546e-05,9.336365598564755e-07,0.06513951393894836,0.003193934860901053,7.5,6.5,3,Still
6.085176552175167e-05,7.965936162710446e-07,0.06592445253858538,0.0031543272007546236,1.0,24.5,3,Still
6.85940217672204e-05,1.0966604935928432e-06,0.07011094056140245,0.0032684088054519018,0.5,4.0,3,Still
5.9001929916089525e-05,1.134560139909308e-06,0.06868418907237667,0.0033443019959666642,0.5,20.5,3,Still
0.039568964913002,0.007000603278541967,0.4459254738860939,0.18935296522773562,0.5,0.5,3,Still
0.006863440784537929,0.0011041492736099184,0.2920499492461196,0.09854857087804687,8.0,0.5,3,Still
0.008595696379596035,0.0010801177837407511,0.2790017619047899,0.09251730743155334,8.5,2.0,3,Still
0.007720190568044694,0.0011113344918091215,0.25449308877710985,0.08985317777260195,8.5,0.5,3,Still
0.005689874445505222,0.0006433179046478038,0.252386297626091,0.0763847834517945,9.5,1.0,3,Still
0.004706505340966056,0.0006065664475337256,0.24186681298901777,0.0663772252091438,6.0,1.0,3,Still
0.012490029461088695,0.005827340604319733,0.2847608309516127,0.11192241746815838,0.5,0.5,3,Still
0.014158178269961718,0.00527653260593531,0.30571826161410504,0.13991077108657904,0.5,0.5,3,Still
0.008657262429535106,0.0017121733962580793,0.35353452964192245,0.1406994858355027,1.5,1.0,3,Still
0.010596747059755772,0.0012961031344930476,0.3329144638252387,0.14731486337841473,5.0,6.0,3,Still
0.009919976764711463,0.0015747940502680627,0.28019361537226645,0.12091350633272654,2.5,0.5,3,Still
0.007359804135731967,0.0009023362646697218,0.25644327117018195,0.09611525219661403,2.5,9.0,3,Still
0.013253444953195293,0.0027059158048257067,0.286219888463158,0.1149435373890445,2.0,1.0,3,Still
0.020727959370004295,0.005007414536950423,0.30181142133007,0.13226748169166952,2.5,1.5,3,Still
0.017948258062201617,0.0036676659295194853,0.31569197021693357,0.13956469571101465,3.5,1.5,3,Still
0.11952831952601624,0.03390469934300247,0.4868695453649981,0.24797953222645439,0.5,1.0,3,Still
0.008657262429535106,0.0017121733962580793,0.35353452964192245,0.1406994858355027,1.5,1.0,3,Still
0.010596747059755772,0.0012961031344930476,0.3329144638252387,0.14731486337841473,5.0,6.0,3,Still
0.009919976764711463,0.0015747940502680627,0.28019361537226645,0.12091350633272654,2.5,0.5,3,Still
0.007359804135731967,0.0009023362646697218,0.25644327117018195,0.09611525219661403,2.5,9.0,3,Still
0.013253444953195293,0.0027059158048257067,0.286219888463158,0.1149435373890445,2.0,1.0,3,Still
0.020727959370004295,0.005007414536950423,0.30181142133007,0.13226748169166952,2.5,1.5,3,Still
0.017948258062201617,0.0036676659295194853,0.31569197021693357,0.13956469571101465,3.5,1.5,3,Still
0.11952831952601624,0.03390469934300247,0.4868695453649981,0.24797953222645439,0.5,1.0,3,Still
0.32451436517897764,0.03982078546961973,2.3761291820327632,0.5242818013601936,1.5,2.0,1,Walking
0.44719688094124616,0.046032317160296356,2.4778855043631967,0.643176328917034,3.0,3.0,1,Walking
0.4530363230630877,0.04150757504669163,2.347690011239207,0.6789131190237822,7.5,3.0,1,Walking
0.6406721488650647,0.04961029387360734,2.2614920890656838,0.6796938509895699,4.0,2.0,1,Walking
0.642625177759101,0.05003560766122771,2.182438234298777,0.6083054723066743,4.0,2.0,1,Walking
0.4510301406879072,0.030879639347789214,2.124570987938568,0.5620150154514704,3.0,2.0,1,Walking
0.4611026721157614,0.05527630151933319,2.1746277885113763,0.6464721488987561,6.0,2.0,1,Walking
0.4302131254541436,0.05890931924113871,2.1768655323389647,0.6893231655983254,6.5,2.0,1,Walking
0.34939500017125746,0.050856182625019654,2.068039910029801,0.7628677366673946,9.5,2.0,1,Walking
0.5057388453488728,0.0460420183847142,2.1381182989324925,0.5979495973570738,1.0,1.0,1,Walking
0.475224007925836,0.06659297550704563,2.1039071218417305,0.6271504621731583,0.5,1.0,1,Walking
0.4197146315348872,0.0643348618378052,2.1982103339232575,0.7388956117583438,4.0,2.0,1,Walking
0.47129355620648267,0.04203423097366384,2.3073632246042295,0.5974935429380275,4.0,0.5,1,Walking
0.5660171928566874,0.0401254146955918,2.4555232845257047,0.5289016755891498,4.0,6.0,1,Walking
0.7012628428954443,0.05987952105254468,2.4635285825116635,0.7135241594223771,4.0,5.5,1,Walking
0.6720607104909072,0.05638009094968791,2.3685983551233765,0.7402854926884175,4.0,3.0,1,Walking
0.532101503637226,0.07934164443199179,2.162893399694776,0.7540695044770837,4.0,2.0,1,Walking
0.26108171678162284,0.045525134934723994,1.9343533067190335,0.6913497342471965,1.5,1.0,1,Walking
0.3564138070321326,0.05218899912056656,2.194800708576686,0.7102228755457327,9.5,3.5,1,Walking
0.5951961821240688,0.04280323797918143,2.3573420850511004,0.6695687257219106,4.0,2.0,1,Walking
0.5054519709375674,0.031518024728517856,2.2540095333895867,0.63434637155151,4.0,2.0,1,Walking
0.3768148872455801,0.02604523247075038,2.209353402061444,0.5748804514971562,5.5,1.5,1,Walking
0.5394212075747943,0.04258693013255518,2.4494292856462345,0.6083268970809876,9.0,5.0,1,Walking
0.5633100054046445,0.04053248490066643,2.1908861066411065,0.5779277934762649,9.0,2.0,1,Walking
0.34403817382933605,0.02357795101317474,1.8695149998096163,0.47287109403288924,4.0,2.5,1,Walking
0.2623637694993342,0.0600713374679899,1.9807836896947502,0.7318094424088486,4.0,2.0,1,Walking
0.34440640178466175,0.05653011556369692,1.9738928780872782,0.582843889129581,9.0,2.0,1,Walking
0.5042601092472503,0.039275635676534734,2.160038615152481,0.5370476424123626,9.5,2.0,1,Walking
0.41365353626030016,0.038492260014117693,2.0637571034396887,0.5748101847156067,7.0,1.5,1,Walking
0.27140405573454346,0.041386321582042945,1.9523373654492426,0.5764274760210537,1.5,1.5,1,Walking
0.26924659871579343,0.03940647219022841,2.004499159083273,0.5602025719103403,1.5,1.5,1,Walking
0.2694208996052921,0.030292966843525903,1.8166592966311352,0.5195408764423337,7.0,7.0,1,Walking
0.33027563377740093,0.03351965603366409,1.7507045197819,0.5257514171861112,2.0,2.0,1,Walking
0.348858890483777,0.07719406988556382,2.0414376364008584,0.729721270352602,1.5,0.5,1,Walking
0.32111910778486874,0.02949691298908619,1.942432249394191,0.536060082691838,1.5,2.0,1,Walking
0.2909449581878327,0.02371658897723491,1.8529330499018815,0.5056727155827684,2.0,0.5,1,Walking
0.3500733160369217,0.02331847202941967,1.8452296094315537,0.49906579706002957,2.0,3.0,1,Walking
0.33200755239666707,0.019173466127992235,1.720645464685598,0.4569881011801772,2.0,3.5,1,Walking
0.26797148434337176,0.030376672812945572,1.681967725862909,0.46597005933348556,3.5,2.0,1,Walking
0.30591269436163004,0.03665602792575709,1.801970490557161,0.5467967530505848,1.5,3.5,1,Walking
0.34146628547641833,0.03928967620535036,1.8950027800732092,0.5880893677772838,1.5,3.5,1,Walking
0.381570875607629,0.11603821744674853,2.1247403754410015,0.9644638070254586,1.5,1.5,1,Walking
0.4391826179915113,0.04122028768753216,2.1736849787691743,0.6984343535650988,1.5,1.5,1,Walking
0.6467187642728573,0.038418707375284744,2.6664864267596293,0.7548267137387302,0.5,2.5,1,Walking
0.6647830337309263,0.04749472250211049,2.634363219489032,0.7366726978565566,3.5,10.5,1,Walking
0.29801881911300826,0.033868886900417956,2.1094010282871842,0.5939810333843343,3.5,3.5,1,Walking
0.4707650921502188,0.02838743065245921,2.288488220667758,0.5893495754105971,3.5,5.0,1,Walking
0.5131263814635202,0.028976041202123076,2.356155660444839,0.5870856365037617,9.0,2.5,1,Walking
0.6897285352481731,0.0584906183719349,2.3740305803987445,0.6749122124153655,1.5,0.5,1,Walking
0.34923270140319795,0.6404841643012176,2.389726318631546,1.2207891897321679,3.5,0.5,1,Walking
0.4252975060096032,0.033143962700547334,2.3741940190209774,0.5790819755813572,3.5,0.5,1,Walking
0.39858562320547297,0.03226058531140279,2.179641285274857,0.5712356341653504,3.5,3.5,1,Walking
0.4288599190274742,0.03320724356404475,2.197220868899629,0.5284492971759756,2.5,1.0,1,Walking
0.4579769186746638,0.028485870496126386,2.1209109997652145,0.5141954469052143,3.5,7.5,1,Walking
0.36536920989050253,0.025401958229812404,1.898150602083978,0.4822350929491222,3.5,2.5,1,Walking
0.4001033471450954,0.026819810546499533,1.9264593675823107,0.4797955109889153,4.5,2.0,1,Walking
0.35721487816605146,0.014644801942567487,1.9111922365096619,0.4772010563418735,3.5,2.5,1,Walking
0.2835359890518352,0.16387054631483391,1.1903206346716995,0.9042215853231028,0.5,0.5,2,Jumping
0.0580305116077643,0.013274668068460213,0.6910997408207235,0.4310748231346952,2.0,0.5,2,Jumping
7.502968557142093,0.15839438855761442,2.9233737551794006,0.6592584719689328,0.5,0.5,2,Jumping
10.20789498125004,0.18241388912131318,7.20023101830855,1.0375861921801697,2.0,0.5,2,Jumping
7.8427288740593095,0.25270307407687453,8.760075880657888,1.3419482074282132,1.5,1.5,2,Jumping
8.71375980235357,0.30266857187795215,7.965743577780162,1.385703170215711,1.5,1.0,2,Jumping
8.490281115884349,0.2024285063541179,8.16297077503853,1.199641807276057,1.5,1.0,2,Jumping
8.55352916982759,0.16165552666083982,8.219035581799522,1.2478506268013734,1.5,1.5,2,Jumping
9.282782226424803,0.1827901320048885,8.724224378739397,1.338074903935194,1.5,5.0,2,Jumping
8.220453548972252,0.173401128563753,9.293361250202302,1.1972574794571846,1.5,2.0,2,Jumping
8.49568195782114,0.1146239254538743,8.375760853362085,1.1506327534560115,1.5,2.0,2,Jumping
9.439727351567068,0.09280120437980117,8.501132246459624,1.040905269793002,1.5,1.0,2,Jumping
0.18096578155517393,0.1289450041643148,0.9479690089525764,0.7942805544380098,0.5,0.5,2,Jumping
0.16220100240179472,0.09685417678712664,1.046987426230807,0.8157021622301545,1.0,1.0,2,Jumping
0.09866017056046578,0.04390472817574034,0.7064324641656373,0.47053010685485785,1.0,1.0,2,Jumping
0.03189736378761487,0.022978352900045865,0.4769755800696387,0.2570467947184806,1.0,1.0,2,Jumping
0.00959658775733062,0.003708465601546351,0.3865185507916863,0.08449081551574622,1.0,0.5,2,Jumping
0.002924515825100353,0.00019937618882322466,0.35269299932255954,0.04131529010715879,1.0,1.0,2,Jumping
0.0019725677010233,0.00021506542808848213,0.3355615238096544,0.038836108255782015,1.0,3.5,2,Jumping
0.0014303785123807816,7.979930925334567e-05,0.321137293942863,0.030392673603491707,0.5,0.5,2,Jumping
0.001784400625735767,9.58260859200587e-05,0.3354035604222285,0.030936418816563532,1.0,1.0,2,Jumping
0.002249268585111092,7.334370576657456e-05,0.32743673274444035,0.03129214822372873,1.5,1.0,2,Jumping
0.004871094244209734,0.002532848364050044,0.3192198520821369,0.06198219264158965,1.0,1.0,2,Jumping
0.008931339427069439,0.004414264575292623,0.33869697850171465,0.13513709115970404,1.0,0.5,2,Jumping
0.006602444584644353,0.003059575187289473,0.3402678401637151,0.12220572848804281,1.0,0.5,2,Jumping
0.0029664772119716203,0.0008641432772755592,0.3201667662183176,0.0831976330344331,1.0,1.5,2,Jumping
0.023581345963422234,0.01401033265298882,0.5730931759528739,0.30470171973487586,0.5,0.5,2,Jumping
0.005993307977688048,0.00736012575291383,0.49427075495633843,0.21166003363759947,2.0,0.5,2,Jumping
0.005181312675399265,0.0022033552314787313,0.45153316372792035,0.10194454495678641,1.0,0.5,2,Jumping
0.005133404800369915,0.00026829834348877154,0.4209484584395215,0.06278942461765823,0.5,2.5,2,Jumping
0.006152677380172184,0.0007393384599062905,0.46746886344880595,0.06799309672496733,1.0,2.0,2,Jumping
0.004311773635810989,0.0007235332661130255,0.47742214383357384,0.07381953289674115,1.0,1.5,2,Jumping
0.010085580951725513,0.0007388676456211852,0.4216840098257175,0.08614806424884577,0.5,0.5,2,Jumping
0.011290561678583475,0.0009492506108020694,0.39032991810153783,0.07274940791714457,1.0,0.5,2,Jumping
0.004897177444616932,0.0002257980977479879,0.3964274911725334,0.04900748482061303,1.0,1.5,2,Jumping
0.0038543232079044708,0.00026206730146221126,0.38860074380028237,0.06755653262225664,1.0,0.5,2,Jumping
0.012552541853943285,0.00025015506413152594,0.38880575462395683,0.08180561138608013,1.0,1.5,2,Jumping
0.031075181917295653,0.0018805090581690779,0.4905093310233727,0.12817347267409773,0.5,0.5,2,Jumping
0.060553201463870734,0.006564716903659209,0.7112895732848421,0.2543660842394455,1.5,0.5,2,Jumping
0.21804376046372415,0.9961726959339792,1.1783021738336006,2.0620062616153154,1.0,1.0,2,Jumping
0.12011325595385233,0.686559718628137,0.8044868306785172,1.3480782243725844,0.5,0.5,2,Jumping
0.012246852209189241,0.04874188961064999,0.42100124725069976,0.3284599209541921,0.5,0.5,2,Jumping
0.0045668765925575274,0.0015450404882378257,0.28317928902437506,0.09041923490614849,0.5,1.5,2,Jumping
0.0036524241868549695,0.00028547421161373833,0.24231210795229324,0.057156132772506536,1.0,0.5,2,Jumping
0.0031175422926896933,0.00018672604875630112,0.22532341458319605,0.05220749364234493,1.5,1.5,2,Jumping
0.013040868736965909,0.0012506622457513,0.28553962802998717,0.06924194171384429,1.0,1.0,2,Jumping
0.04058057158967066,0.004667954936988611,0.492042084369783,0.13887560702743926,0.5,0.5,2,Jumping
0.03646053327583773,0.004105019448002762,0.46841307549555417,0.13042718849203067,0.5,0.5,2,Jumping
0.002851965207723464,0.0002665463486936314,0.2989014426690208,0.0653800499095813,2.0,0.5,2,Jumping
0.004116001355118949,0.0008351151228645989,0.270271288161504,0.06996400201256607,1.5,0.5,2,Jumping
0.0040659834076136854,0.0017540621092021489,0.21553941164064164,0.09002787512465132,5.0,1.0,2,Jumping
0.0027314783668529203,0.0012427560907143234,0.20923080871172772,0.10086255497822989,1.5,2.0,2,Jumping
1.7965397569352732,0.6379481305898393,2.3217525947728306,2.1277269625337794,0.5,0.5,2,Jumping
5.079239510736761,0.6861317649419657,4.381126817638968,2.379327836766024,3.0,1.0,2,Jumping
6.9080564482454205,0.7658523686495406,2.790878827753337,1.1688204070628854,0.5,0.5,2,Jumping
0.03355636790071497,0.0021740610341869737,0.449492003607991,0.19907963086210642,0.5,1.0,2,Jumping
0.007149722093658894,0.002370896730986202,0.4038773762077492,0.18563730604073483,0.5,1.0,2,Jumping
0.012139304147782217,0.0028996820931117833,0.4807288004205458,0.19410932910861434,1.5,0.5,2,Jumping
0.015330844702303477,0.0033675925172633302,0.4371464461698874,0.15837928183143946,0.5,0.5,2,Jumping
0.010124429995160014,0.000793239958088133,0.3184667480515827,0.10998822594992802,0.5,3.5,2,Jumping
0.0034990246910869753,0.0007718506699172645,0.2665280899863847,0.09090141210006536,1.5,1.0,2,Jumping
0.00211223893522706,0.0005325950575509022,0.23287713173510874,0.06783679274027221,0.5,1.0,2,Jumping
0.0016150271167629157,0.0003530876122479047,0.18389269588876875,0.05273565918672816,2.0,0.5,2,Jumping
0.0029203964477882848,0.0026953527831017673,0.2040330771046167,0.0910114897502352,2.0,0.5,2,Jumping
0.004311853174262187,0.002845681038944031,0.24050685577530773,0.12029561957169775,0.5,0.5,2,Jumping
0.9195671373475612,0.15138201706872656,1.7388538956137625,1.226852035589982,0.5,3.0,2,Jumping
0.9798368819558424,0.18361711050029508,1.534198347266424,1.0593195714708417,0.5,0.5,2,Jumping
0.06998063297655947,0.04408862228691898,0.4874789350078291,0.41297595113515856,0.5,0.5,2,Jumping
0.0038266567094610397,0.002860158603374473,0.2968477326814568,0.1658240721421315,0.5,1.0,2,Jumping
0.0033219801162629402,0.0014606905212363886,0.26784375870716554,0.10307129441294804,2.0,2.5,2,Jumping
0.006909237776699938,0.007240724314503813,0.3085513002981356,0.1469702664739451,1.5,0.5,2,Jumping
0.009270110511465795,0.006342216263218981,0.37422026649291246,0.18742982028634272,1.0,1.5,2,Jumping
0.009293687814617589,0.0028220598454765182,0.30629685453386774,0.10647445386042804,2.0,0.5,2,Jumping
0.006442476223823979,0.00045830226734568693,0.27245690373331477,0.06326043857494355,1.0,1.5,2,Jumping
0.006302550175979157,0.00045015514605072744,0.25709407820748525,0.05806035536923432,1.0,0.5,2,Jumping
0.002565610862023894,0.000149761018097024,0.16594383190652345,0.03905243452405543,1.0,0.5,2,Jumping
0.0011748959354565154,0.00023552766803505354,0.15492011914245585,0.03925657657324323,0.5,0.5,2,Jumping
0.0018144843366340122,0.00023577760648993938,0.1833119741220174,0.04927309015183695,1.5,1.5,2,Jumping
0.005237180095220544,0.00050062291346431,0.20353293058438027,0.06657381431898088,1.0,2.0,2,Jumping
0.007798575777738873,0.010050939573548698,0.2657910155553397,0.1648986052779945,1.0,0.5,2,Jumping
0.19756546556902946,0.04177693166359815,1.2292688104468303,0.5305713516916147,0.5,0.5,2,Jumping
0.2983450090652415,0.04937681723190232,1.5943407655781272,0.8363969172083308,1.0,0.5,2,Jumping
0.2519542971326174,0.14149991934118855,1.4429776058902664,1.155926581979147,2.5,1.0,2,Jumping
0.09158739794899974,0.2158581661581788,1.161781010138139,1.1025026664760662,2.0,0.5,2,Jumping
0.10334461661703877,0.1198480089007478,0.9822605591731444,0.6397550323384348,1.5,1.0,2,Jumping
0.04273942125574059,0.012048957882517806,0.5998999635618848,0.34669900839508044,1.5,1.5,2,Jumping
0.01476683878249502,0.008327380934630355,0.40314417594668994,0.19672024202591268,0.5,0.5,2,Jumping
0.008106428326802542,0.0036294971469655545,0.3644843570125027,0.16147167662857087,1.0,1.5,2,Jumping
0.01292016049571433,0.0024424031536446024,0.3724498121598287,0.24993194993934587,1.0,1.5,2,Jumping
0.010422423926923998,0.002487661459474203,0.2749835525737813,0.22005199478007845,0.5,0.5,2,Jumping
0.004747472432512198,0.002337935901803658,0.2558654080807975,0.1563968093920265,1.0,1.5,2,Jumping
0.004464061776711309,0.0017630806096284562,0.32438212510157366,0.12408795009658193,1.0,1.5,2,Jumping
0.008607694275453772,0.0005385876431807429,0.2908715626149921,0.06332084687921437,2.0,0.5,2,Jumping
0.010092719164405753,0.0004427542617831753,0.298770344272971,0.0640840992541051,1.0,0.5,2,Jumping
0.007212370058345404,0.0001172347619774285,0.2463240483088678,0.041325122780981334,1.5,4.0,2,Jumping
0.0027433144057360907,8.979606958542792e-05,0.20475551839547965,0.034692931192403055,1.0,2.0,2,Jumping
0.0016611230743830945,8.958760050051336e-05,0.1980242534534371,0.02979235068138209,1.0,1.0,2,Jumping
0.0014192028214399352,6.133590300448172e-05,0.18183729626761735,0.021345524732023325,1.0,0.5,2,Jumping
0.0011688921203708497,9.070612603129893e-05,0.15984477634188518,0.023809296560066143,2.5,0.5,2,Jumping
0.0017175403452265336,0.00018914403789428157,0.15012543330780773,0.03286095894407466,2.5,1.5,2,Jumping
0.0018985661403954463,0.00020669447932951016,0.163791629615221,0.03796016458887592,1.0,1.0,2,Jumping
0.0015044569964294523,0.00011877990168280627,0.16192667745486258,0.036355133555480125,0.5,1.0,2,Jumping
0.001372564422536926,0.0006044334565337784,0.14297926157672314,0.05881132652750225,2.0,0.5,2,Jumping
0.0017554244948180262,0.0004923933325680319,0.15471709094396593,0.06911440802970888,2.0,0.5,2,Jumping
0.0018930872374625452,0.00025935477152030315,0.14358595365103322,0.0500064854091032,1.0,2.0,2,Jumping
0.027893521937161242,0.00133474453012843,0.2859510946108809,0.07625483735435395,0.5,0.5,2,Jumping
0.007425424805416561,0.0009643271795848775,0.2532855401205771,0.1357666565221733,1.0,1.0,0,Standing
0.007007205701896211,0.0013269292668447819,0.21590928632102124,0.1252412276685935,1.0,1.0,0,Standing
0.00824854066388981,0.001295091757592673,0.21910430502661624,0.10256839307665346,0.5,0.5,0,Standing
0.00884010225387404,0.0010829150228349343,0.2554770262557886,0.09671322967275031,0.5,1.5,0,Standing
0.006420819703689992,0.0006761692917757066,0.2544379195005357,0.09990310683147968,3.5,1.0,0,Standing
0.004340940239992038,0.0007348691754733496,0.21613387228045786,0.08296793464454807,4.0,0.5,0,Standing
0.0028510543568411916,0.0005624522531676364,0.17378692616407182,0.06954796222678838,5.0,2.5,0,Standing
0.004187035823073737,0.0005704437460274447,0.19580733837840136,0.08728574619686683,0.5,1.5,0,Standing
0.007053706266854519,0.0005593898014955198,0.23029400638966063,0.09513388460967676,1.0,1.0,0,Standing
0.0059436469214167445,0.0008743796148515378,0.22973266006224777,0.10059382004488711,1.0,2.0,0,Standing
0.002587238080317929,0.0008760887634755288,0.1867769172274227,0.07964521107089226,0.5,0.5,0,Standing
0.0029841181017386713,0.0002612224870226822,0.17383721404354632,0.058271857932559075,5.0,4.5,0,Standing
0.003569515621287487,0.0002872777329797422,0.17299552042338057,0.051752796118962434,2.0,0.5,0,Standing
0.003649039982632088,0.00024530065294082554,0.17648900975124712,0.050329237868427155,5.0,1.0,0,Standing
0.003233873686590163,0.0002724755991195013,0.19012148827878,0.06857886250654686,2.5,3.0,0,Standing
0.001979504761508827,0.00028633084457901795,0.16667628897996603,0.0615438544916104,4.5,0.5,0,Standing
0.0011808030680428034,0.00012846533703859175,0.14201309730808423,0.04320004715089439,3.0,1.5,0,Standing
0.01996581671502805,0.016219633903872998,0.6648327283638581,0.35765694183530283,3.0,0.5,0,Standing
0.023440867743713293,0.002486748599103514,0.5772988782833507,0.23168877506977872,0.5,2.0,0,Standing
0.017702795165856627,0.004481409553871287,0.42157345647219124,0.22781525200814928,0.5,1.0,0,Standing
0.008882151996393984,0.0052976143023876045,0.36115401987972673,0.17822687089093947,4.0,0.5,0,Standing
0.011372139240563985,0.0013184248052201058,0.3281114156743064,0.11974915940314518,0.5,1.0,0,Standing
0.00817715892394704,0.0007533070268992836,0.27717161765763615,0.09840675526065738,2.5,3.5,0,Standing
0.00743457938922988,0.0006413037085499312,0.22663878442149507,0.08984995778242577,0.5,0.5,0,Standing
0.00987450083866928,0.001637096035171422,0.24128599550680707,0.11474398708902285,0.5,0.5,0,Standing
0.00993662057105949,0.0017695165130217566,0.2671738337854816,0.11578999925812226,2.0,1.0,0,Standing
0.007610185586716659,0.0010717148709736479,0.24379726283640957,0.0825543616735375,1.5,1.0,0,Standing
0.006971171664970125,0.0008792860015957784,0.22217524539839092,0.07025534171436433,0.5,0.5,0,Standing
0.003820092623387721,0.00028211727648322306,0.18058003900193598,0.06748095989401903,1.0,0.5,0,Standing
0.003607102719608095,0.00025577145504196197,0.18043511081797614,0.06620770733512459,2.5,3.0,0,Standing
0.003181133611744676,0.00042459822286157716,0.17297137930401033,0.06847531205159597,4.5,2.0,0,Standing
0.13611855871001238,0.06566492023754307,0.9191198011979402,0.8150611749105156,0.5,0.5,0,Standing
0.049428876882396805,0.034513855240988135,0.662820482806512,0.5079002193897031,3.0,4.0,0,Standing
0.030120199778492514,0.02279105649178257,0.578730150889363,0.3281802164227701,1.0,0.5,0,Standing
0.019528740668644694,0.007137638903931872,0.49157227468403486,0.2707690662238746,0.5,0.5,0,Standing
0.05599868144023528,0.013891057901546322,0.5834529323574064,0.3161698558821808,1.0,1.0,0,Standing
0.06894055404884432,0.013281070663890972,0.46664300337357095,0.2326539620192488,0.5,0.5,0,Standing
0.028915365724981476,0.0034835628671016057,0.37152643790745576,0.19280787013703943,0.5,2.0,0,Standing
0.02565095636215662,0.012419056273774876,0.39999920021503077,0.25643853883433615,0.5,2.0,0,Standing
0.013747907042671719,0.013468770102926098,0.33484604161721454,0.20825937561108723,2.0,0.5,0,Standing
0.007671801917126043,0.0013924003731254988,0.27703426944394394,0.13278626011626316,2.5,2.0,0,Standing
0.007183947279942704,0.0014103174788859232,0.2459015657508092,0.12300012570864043,1.0,2.0,0,Standing
0.007585275367070217,0.000838602946239011,0.23277343426394256,0.085541691269609,0.5,0.5,0,Standing
0.005096326221795806,0.0002605792962238595,0.21840227131288484,0.06470819306938197,3.5,1.0,0,Standing
0.20135084951917961,0.028252043393192254,1.7210359706083551,0.5384396362537518,2.5,1.5,0,Standing
0.19613714046115668,0.029717244621236438,0.9298348780174486,0.4534476749924943,0.5,1.0,0,Standing
0.03332908050071814,0.0073621067812238376,0.5606554134974409,0.30762456666794596,3.0,1.0,0,Standing
0.03730305752927996,0.00741839326235386,0.5169850502746369,0.2626735473959706,0.5,0.5,0,Standing
0.010924100012190916,0.003607395983803562,0.364103947700743,0.18679572353721582,0.5,0.5,0,Standing
0.20482064637178685,0.05012245576707535,0.72305500697232,0.3376564359688199,0.5,0.5,0,Standing
0.17394329722869756,0.04221945260988944,0.8494918896315954,0.42436383894062596,0.5,0.5,0,Standing
0.0318893613402413,0.00762850323038943,0.4468544064849799,0.22819594852975564,2.5,0.5,0,Standing
0.010777507817967675,0.001710945536582534,0.27383783231378517,0.11741826215409659,0.5,0.5,0,Standing
0.0081094672048535,0.001362925102345636,0.2665978459153845,0.10661112664209199,0.5,0.5,0,Standing
0.008710977167126608,0.0014349639259056374,0.26406958525580715,0.09830031331366612,0.5,0.5,0,Standing
0.005010404664833826,0.0005147443936429681,0.20797882526625489,0.06591081525519243,0.5,0.5,0,Standing
0.002797288740138638,0.00024923731922457215,0.16667270476480373,0.04864855205931222,0.5,1.0,0,Standing
0.0028557000384571507,0.0006936757842870338,0.15538393872322684,0.054435302430065204,1.0,2.0,0,Standing
0.2510907257070842,0.2911243927064967,1.5197927025471094,1.0425592226989102,0.5,0.5,0,Standing
0.12636179875262443,0.018003273785984805,0.8820402903631774,0.421815116890939,0.5,0.5,0,Standing
0.04221582312700804,0.008144045415165115,0.41878032098552753,0.23057184181059703,0.5,0.5,0,Standing
0.008577731192568933,0.0010982028988669604,0.23912051598344355,0.11837053216295303,6.0,1.0,0,Standing
0.004815731539930639,0.0008077960672540199,0.21767666556664167,0.09531126408663099,0.5,2.0,0,Standing
0.006328367052558297,0.0007686822034531289,0.26193809111375155,0.10024229625763822,4.0,0.5,0,Standing
0.006744711410052824,0.00099227918019271,0.24252462533850586,0.10171561452327282,0.5,3.0,0,Standing
0.003768362374637443,0.0004990326036052046,0.1603019857107362,0.0665811942867002,0.5,0.5,0,Standing
0.0029266949924651063,0.0006280329466405155,0.15655817068236028,0.07633592821366605,0.5,0.5,0,Standing
0.0042302697443840406,0.0009834343925051129,0.20087659551621675,0.09118278750102021,1.5,0.5,0,Standing
0.004141246496807597,0.0009006750208612573,0.1831894325784434,0.0716927419888087,0.5,1.5,0,Standing
0.0024360138866281137,0.0004154035366143578,0.15600032290112026,0.051774172708683036,1.5,1.0,0,Standing
0.0021489475841879584,0.0002582718872036975,0.15305093741823625,0.04292619366460698,1.5,1.0,0,Standing
0.002189063118243328,0.0004421299845918499,0.16251381763728884,0.05966165745514431,0.5,1.0,0,Standing
0.5526473070067573,0.12359321684631397,1.3059338724131877,0.7748700981400907,0.5,0.5,0,Standing
0.034258806106665006,0.016923440253286955,0.43786642388364827,0.27787182113708686,0.5,1.5,0,Standing
0.008610081982979243,0.0022787107988450524,0.347338798175318,0.18486068684927873,1.5,1.5,0,Standing
0.008414852043654482,0.0018367144367034394,0.4102530146300065,0.15540112983668208,1.0,0.5,0,Standing
0.00933477910694122,0.0017008291253046365,0.37095922727285313,0.12942897186381727,0.5,2.5,0,Standing
0.050076731149710826,0.04558540628424719,0.3806070359700815,0.2324827782704959,1.0,0.5,0,Standing
0.09578531489574095,0.05589507955754757,0.633606885856842,0.4144047998136374,0.5,0.5,0,Standing
0.06303101467228564,0.018892428606145498,0.6947702579571934,0.4363829054805683,1.0,1.0,0,Standing
0.04338199282142272,0.018036415962348812,0.5378857590242857,0.26400340174499426,0.5,0.5,0,Standing
0.0733954561449122,0.004681438032537706,0.5573617885520048,0.14629478575661764,1.0,1.0,0,Standing
0.09166416750264411,0.003268867652110532,0.5280279274108417,0.16046246822574162,0.5,0.5,0,Standing
0.051468839870822715,0.0028293614894742626,0.3072976285262582,0.12610003347974255,0.5,0.5,0,Standing
0.0411397261809506,0.006737059206765733,0.3174085491674448,0.12807192702195594,0.5,0.5,0,Standing
0.038456681510257856,0.006494848043418806,0.44725632519763314,0.20470223620824968,0.5,0.5,0,Standing
0.04458866045341586,0.010977905511770242,0.7138467575488257,0.362580448348308,1.0,1.0,0,Standing
0.026944411175039307,0.004058371481670181,0.47462295490350653,0.22476388104492792,1.0,0.5,0,Standing
0.014924710181764517,0.0012980896324427207,0.3317415452137261,0.1306696692825061,0.5,1.0,0,Standing
0.006008856405938829,0.0006497568858283907,0.2232971447474145,0.09297295506985379,1.5,1.0,0,Standing
0.19952637876353566,0.0463233697055132,0.6146377052148086,0.2830441206018439,0.5,0.5,0,Standing
0.17295587114973365,0.04146392042513592,1.0948188886311518,0.48097418589866714,0.5,1.0,0,Standing
0.1395266648729728,0.024167602632669524,0.7576861659634315,0.30381122925638915,0.5,0.5,0,Standing
0.008125480276052833,0.0019915367041892433,0.34132444786967125,0.13279638628097004,2.5,1.5,0,Standing
0.012449877195370265,0.0020710440997897027,0.33065662819933694,0.1441420069558079,1.0,1.5,0,Standing
0.012902773086950703,0.002700055766836871,0.29459878544154006,0.14968528969853637,1.0,1.0,0,Standing
0.005141450225032714,0.0027103314759785264,0.22535898342517008,0.12278048899199334,1.5,1.0,0,Standing
0.004006371694730477,0.0008342928175584227,0.21420081893603676,0.09372540977084995,4.0,1.5,0,Standing
0.0489724149748381,0.011962609816967805,0.607769613836192,0.45046487630519544,1.5,1.0,0,Standing
0.08061824051229075,0.02071670142259374,0.7228297714172675,0.42869834299606735,0.5,0.5,0,Standing
0.07430765105312562,0.014817928574082507,0.6825173563945925,0.300636538544204,1.0,1.0,0,Standing
0.049250270090409665,0.0060875443964614065,0.4689629525445102,0.20685378635593218,0.5,0.5,0,Standing
0.0063092439353520414,0.001691179231878873,0.2163178757527432,0.11171288910089046,1.5,1.0,0,Standing
0.006539924411797852,0.0005608385215489782,0.20038312076536177,0.07440969877759912,0.5,1.0,0,Standing
0.008344737121399328,0.0007029773128585941,0.22709595305647684,0.0711926484550348,0.5,0.5,0,Standing
0.007662132023600951,0.0011400121573159193,0.2299618481725844,0.09109189021051847,0.5,0.5,0,Standing
0.005627335819734501,0.0010417838876043929,0.20375344219791686,0.08493915741448277,0.5,1.5,0,Standing
0.0034869000750125034,0.00012263451486447052,0.1590212098414971,0.06191584213403971,0.5,3.0,0,Standing
0.003032169091638604,0.00017464696939949794,0.16835568795437908,0.05717227281478686,1.0,1.0,0,Standing
0.001149367857894057,0.00019566504067728322,0.15764483066795937,0.05315982151660124,8.5,1.0,0,Standing
0.0014108407048059257,0.00024644328288387165,0.15125174159584737,0.059192254653898865,7.0,3.0,0,Standing
0.001867852156742593,0.0002235246376441212,0.1449216548502891,0.058874328703968665,3.5,2.0,0,Standing
4.072488677708547e-05,1.0644976913229107e-06,0.031827234725918585,0.003288890412659241,8.5,11.5,3,Still
4.1820458363419224e-05,7.545757681230626e-07,0.032749160071824525,0.0032282011775531267,13.0,20.0,3,Still
4.718671650309523e-05,6.422544522395093e-07,0.03285816162248174,0.0030186239327302565,6.0,16.5,3,Still
4.7168445801409087e-05,8.119305123080796e-07,0.03266904630077511,0.003216788757126631,11.5,7.0,3,Still
4.0806950393899215e-05,9.226198500917207e-07,0.0331587294225285,0.0033909638616022118,12.5,12.5,3,Still
4.1655719717246155e-05,8.470460097145456e-07,0.03293595420230829,0.003322242346475683,2.0,8.5,3,Still
4.814423751560695e-05,7.393418836155103e-07,0.033088106209174926,0.0031488068023462186,2.0,8.0,3,Still
4.772444527448394e-05,9.647920581484966e-07,0.033202105410572516,0.00330753226298824,13.5,3.5,3,Still
4.611350037900871e-05,1.0427232584153725e-06,0.03304909720471836,0.0033499029837547258,4.0,16.0,3,Still
4.282126115466957e-05,8.009991535663019e-07,0.032851950438083005,0.0030381735702392975,3.5,15.0,3,Still
4.491829322360909e-05,6.746879191270108e-07,0.03303336425006817,0.0028339048105406957,1.0,1.0,3,Still
4.871492713332589e-05,7.872477325024075e-07,0.03391210892043964,0.0030183298158225095,22.0,21.0,3,Still
5.2008018859446435e-05,8.463007316871659e-07,0.03303779948115281,0.0031526490900431214,11.5,19.5,3,Still
4.498501109906375e-05,8.054143454168016e-07,0.032611018700743934,0.003089660587720422,4.5,12.5,3,Still
4.2437364501469976e-05,7.010899180075726e-07,0.032989943372569656,0.003179089564364252,25.0,11.0,3,Still
4.720654889437103e-05,7.817115735097831e-07,0.03265162346137579,0.003153136709588431,25.0,19.0,3,Still
4.364998735174877e-05,8.971105146226036e-07,0.0335836115685251,0.0030735934199763917,13.5,20.0,3,Still
5.061239823947251e-05,4.7333367176341316e-07,0.03746797941760413,0.0031319287506629263,20.0,21.0,3,Still
3.796898549671195e-05,5.266568040262893e-07,0.03449922532241474,0.0032363422494380268,17.0,3.5,3,Still
5.680890045072299e-05,6.799110222739542e-07,0.034761089165366105,0.0031698729313210028,1.5,7.0,3,Still
6.984747906599453e-05,6.744978319831656e-07,0.038443680320703506,0.003263362843426725,9.0,6.5,3,Still
5.468861097355681e-05,8.27397712747033e-07,0.03743512466374426,0.0033029037353115493,10.5,14.0,3,Still
4.869653548094651e-05,1.048386663830019e-06,0.034361348515987884,0.0032028136111328775,4.0,18.5,3,Still
5.2838363807308184e-05,1.0539107561528596e-06,0.034315417048474496,0.0031248991773462353,8.0,4.0,3,Still
4.76565391626899e-05,1.2277099117576434e-06,0.03519460757661706,0.0034461757418465288,2.0,4.5,3,Still
5.144892351982356e-05,1.128273843109481e-06,0.03453617947555909,0.0035676504397996155,10.5,4.5,3,Still
4.216648696568933e-05,8.591358141329357e-07,0.035584793142562694,0.0032181090110678574,10.5,20.5,3,Still
4.819329096818126e-05,7.718322266387014e-07,0.035097434973750195,0.0029683646844931295,8.0,24.5,3,Still
5.5875629487410754e-05,7.997897407171619e-07,0.03371383323311438,0.003091685962863116,9.0,10.5,3,Still
4.572718820447588e-05,8.173116245173725e-07,0.03499758939908922,0.0031292917561948665,3.0,22.5,3,Still
0.00046523359176187107,7.117566893767493e-05,0.03764273861341364,0.005914569229353068,4.5,1.0,3,Still
4.848658031217127e-05,6.821429616897873e-07,0.03956356287512814,0.0030113320739472626,8.0,12.0,3,Still
5.157073616472489e-05,7.999158919883141e-07,0.03904008120215902,0.0033044893341137426,8.0,17.5,3,Still
4.24991841479587e-05,9.988241360893433e-07,0.03782594227823245,0.0034393799270036013,8.5,18.0,3,Still
4.305635026462489e-05,8.559369221452028e-07,0.037578019750424276,0.00340987717558149,8.5,4.5,3,Still
4.880849140789268e-05,7.113493926080514e-07,0.03762111607556848,0.00338349515805006,9.5,6.5,3,Still
4.6446915585884706e-05,7.017371696447318e-07,0.03676764470465168,0.0033277480100512885,8.0,7.0,3,Still
4.543600258620223e-05,7.955683031482016e-07,0.035402941978056594,0.0034486606338758356,5.5,21.5,3,Still
4.332212088379991e-05,9.476004220521015e-07,0.036066406905379635,0.0034032325824953857,5.0,16.5,3,Still
5.015207278453298e-05,8.269600038649273e-07,0.03520371732743494,0.00317863181640844,8.0,17.0,3,Still
8.830300579639991e-05,9.54089919833379e-07,0.03481074996245079,0.003310106096323429,23.5,18.5,3,Still
8.439883940597965e-05,9.369885692140059e-07,0.03502342312603028,0.0032239968614884095,12.5,5.5,3,Still
0.001777925536254504,0.0001665534171465427,0.042202922457217434,0.006069828867912143,2.0,0.5,3,Still
5.8823571041536616e-05,8.326674249445212e-07,0.03603335998994854,0.003246165378368313,1.0,16.0,3,Still
5.235802835911357e-05,8.670863191088325e-07,0.03617171125233659,0.003160204893210754,4.5,22.5,3,Still
6.038999346771897e-05,6.371737710740479e-07,0.036607954003667655,0.0030026378313776484,11.0,5.5,3,Still
5.369735713906537e-05,7.196313233203624e-07,0.03535632394848457,0.0030952121055450627,4.5,3.0,3,Still
4.118892062135754e-05,7.670877838133406e-07,0.035045399836191524,0.0031566779088460246,2.0,4.0,3,Still
4.457362861953998e-05,6.196779568969933e-07,0.03443032619747399,0.0030939972569466053,19.0,12.0,3,Still
5.043640717086858e-05,6.560277516053148e-07,0.03355363136088798,0.0031145313673185543,4.0,22.5,3,Still
5.097595203952219e-05,7.743146132645294e-07,0.03309014050518123,0.0031212485651484156,3.0,15.5,3,Still
5.509197562273746e-05,7.252720136142255e-07,0.034774921990049966,0.003043868784443335,15.0,22.0,3,Still
4.881391232277218e-05,5.815509546557086e-07,0.03656194836352309,0.002895612920401469,15.0,22.5,3,Still
6.537607069141268e-05,6.781987053320815e-07,0.037185884724061445,0.0031857398228019823,2.0,10.5,3,Still
6.843340258887366e-05,8.667329230520364e-07,0.03671843957777097,0.00334042923757791,9.0,14.0,3,Still
5.024659688916645e-05,1.0075364666349433e-06,0.0356499058442999,0.0032417562068438478,2.0,14.0,3,Still
4.4669887179324486e-05,8.821486973242694e-07,0.035452076146034836,0.0031293249537701112,19.5,23.0,3,Still
5.594496819215196e-05,8.403542225853846e-07,0.03937287780961196,0.0036349020985652156,21.0,12.0,3,Still
5.301787628072272e-05,8.871607470700953e-07,0.03894104535870779,0.003566224237438148,3.0,25.0,3,Still
5.2539541694368804e-05,8.31856251435878e-07,0.03825600732673845,0.0032185985374961422,2.0,25.0,3,Still
5.9622253494785634e-05,7.666424488682791e-07,0.03636463079120047,0.0031499381508909457,16.5,10.5,3,Still
6.569889267316506e-05,8.791032942332487e-07,0.034849464514005425,0.0032707147387553313,16.5,19.0,3,Still
5.772369439216389e-05,7.50900279644807e-07,0.03605698361336687,0.0031041572598040456,7.5,0.5,3,Still
5.536491665943028e-05,6.338037797019044e-07,0.03710288628896653,0.0030042764474636384,7.5,21.5,3,Still
5.382859492863205e-05,7.796999461398448e-07,0.036573723362911294,0.0031336161791112667,1.0,17.0,3,Still
5.2560035253056806e-05,7.067348293646174e-07,0.036448848281231065,0.0029340596200198256,7.0,14.5,3,Still
4.744163685383997e-05,9.030009267481665e-07,0.03550559174225523,0.002900151280336859,9.0,25.0,3,Still
4.538951242857e-05,1.0584498204850066e-06,0.03439300831216946,0.0033783160813616892,16.5,11.0,3,Still
4.743542135926405e-05,7.690528725126786e-07,0.037595951654732215,0.0033341631182700693,15.5,0.5,3,Still
4.832109587071652e-05,8.19426968667108e-07,0.03871280769295102,0.0033124023664275527,5.0,0.5,3,Still
4.761490472106597e-05,9.518083077187364e-07,0.03731956626447648,0.0035193352715576463,5.0,17.0,3,Still
4.203399058038968e-05,9.457336547990958e-07,0.037955465372091955,0.003278378073009514,11.5,17.0,3,Still
5.1475552300834886e-05,9.365738752473766e-07,0.03649277788114492,0.0031936643313382235,11.5,8.5,3,Still
5.853123167029961e-05,7.160978173296811e-07,0.0349900879111601,0.0031559480552094434,2.0,19.0,3,Still
0.00037934429098882943,5.765460507884416e-05,0.03906108640154864,0.0052924946480196276,1.5,1.5,3,Still
5.318074671869417e-05,8.884629876030352e-07,0.035607661151565946,0.003107837048009814,20.5,14.0,3,Still
5.155193918961999e-05,7.612450076420479e-07,0.035740459107800465,0.003165021173190172,13.5,21.5,3,Still
5.229857817743947e-05,6.77908727849726e-07,0.03610477625794251,0.0032701287628150028,14.0,4.5,3,Still
5.3420532896455153e-05,8.914749315554925e-07,0.03532909059415348,0.0031840514851499816,5.0,4.5,3,Still
4.542263516861216e-05,9.649931981254246e-07,0.03589777125564296,0.003356488473946082,6.5,9.0,3,Still
4.762867969911462e-05,8.133768560787852e-07,0.036419856012627275,0.003292391963768604,15.0,8.0,3,Still
5.823331873453717e-05,8.042474360328976e-07,0.03559411601554145,0.003146131254033975,6.5,8.0,3,Still
5.296410717737281e-05,9.118824736057578e-07,0.035784236966060104,0.0032236344384726522,6.5,8.5,3,Still
5.219053496724506e-05,8.441069104640279e-07,0.03623786839879255,0.0031833951405131696,3.0,8.5,3,Still
5.611221466713049e-05,8.921971830894345e-07,0.03628474875539544,0.0032589220636872014,2.5,23.5,3,Still
4.6366594862919925e-05,8.985060492729661e-07,0.03580520127745854,0.0030736276379319206,12.0,15.5,3,Still
3.894636522748045e-05,7.130916041863393e-07,0.03560351238758125,0.0029226714817921972,12.0,15.0,3,Still
4.266339821443261e-05,6.99503602283329e-07,0.03644565740249308,0.003135031973942967,1.5,4.5,3,Still
5.246512004625789e-05,7.918400028645889e-07,0.037457045159339404,0.0032617481064515586,0.5,4.0,3,Still
6.380551263157468e-05,9.026548452486566e-07,0.03832008928634281,0.0030584629435905643,25.0,13.5,3,Still
0.00041591393124784215,3.935417600598009e-05,0.05441677847846244,0.00510950885101905,0.5,0.5,3,Still
5.019204786236772e-05,8.524829024029334e-07,0.04582886086052384,0.00306478253012741,1.0,10.5,3,Still
5.6612490957943794e-05,8.845805565237208e-07,0.04421940725956831,0.0033113014404078374,8.0,24.5,3,Still
6.0747443196324536e-05,9.518360152475073e-07,0.042714279422311534,0.003376148932729706,8.5,25.0,3,Still
6.080698045301963e-05,9.161724028555283e-07,0.04188368473118656,0.0032735879265236236,16.5,8.5,3,Still
5.2531514556460194e-05,8.952805151111201e-07,0.04245291420393153,0.0033711285016032326,16.0,5.0,3,Still
4.606581209605411e-05,9.390727168708009e-07,0.04315398979267096,0.003247136448044183,12.0,17.0,3,Still
5.3533511695854685e-05,9.719422333205786e-07,0.04347762776980464,0.0031503392293232963,2.5,16.5,3,Still
5.120368103717929e-05,9.089956397570503e-07,0.04290014029281647,0.0030290315687305724,2.5,14.0,3,Still
5.027538499228858e-05,8.126288824474988e-07,0.04199216952796067,0.0028996085800461883,1.5,7.5,3,Still
4.686407644104496e-05,8.743487405243415e-07,0.04216574076865273,0.003254943738574938,13.5,17.0,3,Still
4.7311222890623874e-05,8.232189490818309e-07,0.04378779355627737,0.0034067249472717076,15.0,13.5,3,Still
5.9496147929485035e-05,9.592812564984997e-07,0.04329828710398185,0.0033052276668602905,23.5,14.0,3,Still
6.15049560136576e-05,8.930110407737187e-07,0.042226394607267945,0.003217077028238995,16.0,5.0,3,Still
0.07915223500617224,0.018435576570006502,0.1777832068709778,0.07886745402822257,0.5,0.5,3,Still
0.0790018289291686,0.018425874218487147,0.17958434668530765,0.07903833245451082,0.5,0.5,3,Still
4.647296252546977e-05,7.786178649360034e-07,0.03451519966633906,0.00318284161505275,5.5,24.5,3,Still
5.271500254079974e-05,5.70382464421252e-07,0.03422034399229482,0.003241865533636739,8.5,22.5,3,Still
5.602390830843581e-05,8.036092901870804e-07,0.033654254018585406,0.0034439277322961385,8.5,14.5,3,Still
5.583233094458383e-05,8.109050647813864e-07,0.033301399982020925,0.0032900903275002143,7.0,6.0,3,Still
4.989366712582493e-05,6.346130685203385e-07,0.032611106915600215,0.0029303260415325296,16.5,11.0,3,Still
5.308638387013832e-05,7.785099945967096e-07,0.032658873268107264,0.003087488756282102,16.0,16.5,3,Still
5.507606485813787e-05,8.568201078611444e-07,0.032815808878821524,0.0032848771120187253,16.0,17.0,3,Still
5.594454615512285e-05,8.084858453264937e-07,0.03178996453708651,0.0031870633660581365,3.0,24.5,3,Still
5.585132566520055e-05,6.977870857350616e-07,0.031356129901776525,0.0031853263330411563,6.0,8.0,3,Still
4.5777858450242e-05,7.828528324412497e-07,0.03274649134123905,0.0031447730079524655,5.5,20.5,3,Still
3.9664684365004755e-05,9.692811040967075e-07,0.033042776285467985,0.002980805515835383,19.0,21.5,3,Still
4.0059878251241504e-05,8.296801009363873e-07,0.03310517159973896,0.003195673546579047,14.0,21.0,3,Still
4.700002231845634e-05,6.693315079965434e-07,0.03400401438171714,0.0031564625730969363,11.0,6.0,3,Still
5.9754482110983863e-05,8.127544503014694e-07,0.03486175696367976,0.0030092135292942067,10.0,18.0,3,Still
7.25525715589862e-05,1.6306467476705935e-05,0.03425225884180593,0.004100379095761891,7.5,0.5,3,Still
0.14884146926656633,0.011308464273698192,1.0339203778294015,0.6873760464705992,0.5,1.0,1,Walking
0.12235275130067656,0.03433217512124301,1.376754728395182,0.6152910533628893,0.5,1.0,1,Walking
0.343187083565803,0.03296473024370152,1.5726274472822441,0.6190997035929467,0.5,1.0,1,Walking
0.2722457992930521,0.017818757394091788,1.6612722182033763,0.6508161090302746,0.5,1.0,1,Walking
0.0851851992270955,0.01520514848498161,1.3328413551514773,0.5837145588023123,1.5,1.0,1,Walking
0.08962024529159762,0.024735444349465268,1.2490628753664526,0.6906323212618009,3.5,1.0,1,Walking
0.14948976046758075,0.03000790783277601,1.5711684579953638,0.6964440751215443,0.5,1.0,1,Walking
0.14724659830887385,0.018791658648050956,1.561276778888412,0.689081937125884,0.5,0.5,1,Walking
0.17629082760411485,0.014731248199706186,1.3992092867310566,0.9646408131252975,1.5,0.5,1,Walking
0.24501706738291534,0.05734341534621849,1.3640190569608148,0.8645304197468795,0.5,0.5,1,Walking
0.18703865565257474,0.05487121174113674,1.248657786398866,0.7949918658053502,0.5,0.5,1,Walking
0.16727655538807593,0.1233810774754034,1.4504558770209117,1.3110311344848014,1.5,0.5,1,Walking
0.2444989823593148,0.08622422460080006,1.5912632112498393,1.5745749743236228,0.5,0.5,1,Walking
0.18250991886276766,0.15140296787601637,1.3849284659534655,1.2620069688104558,0.5,0.5,1,Walking
0.03685663256498795,0.04029136469927342,1.0651206034819387,0.9750134352280293,0.5,0.5,1,Walking
0.2382964159918424,0.015190466569403855,1.1744987438743533,0.5920797359547578,0.5,1.0,1,Walking
0.20189200727174597,0.0159960097317412,1.2739517217595138,0.634972481613513,0.5,0.5,1,Walking
0.2029523970518231,0.01915777447305963,1.5315767648558798,0.6112752548867139,0.5,1.5,1,Walking
0.18128607153839124,0.012207015225366723,1.6663341910339695,0.5806304356647888,0.5,1.0,1,Walking
0.18985945665917597,0.016599147548391483,1.4561323826248116,0.6009920582245104,0.5,0.5,1,Walking
0.19555469259800703,0.020773052287632203,1.5085035921856074,0.6419676060555503,0.5,0.5,1,Walking
0.14823029435126162,0.013901809659234264,1.2731938851109472,0.6025695739942603,1.5,1.0,1,Walking
0.10442620058465941,0.0065370110977875755,1.1927380200683024,0.5325301587115974,1.5,1.0,1,Walking
0.1216862213949395,0.017652105843106926,1.1622879288924566,0.6446892504044809,1.0,0.5,1,Walking
0.12755322721994364,0.041606077195067474,1.3168212293493011,0.7777733828732744,0.5,0.5,1,Walking
0.08840542081390713,0.04576228010822167,1.3518773245204352,0.7906058074673638,2.0,0.5,1,Walking
0.08446970322592104,0.13388756600657822,1.4452648623295072,1.1063652909966186,0.5,0.5,1,Walking
0.10705184795824402,0.11774594587431438,1.5221504123230292,1.1892671794863419,0.5,0.5,1,Walking
0.07815073927649636,0.056229695447426925,1.0632413754704035,0.8569934951676987,0.5,0.5,1,Walking
0.2754023963990563,0.11408073888651524,1.9854656221245273,1.4290783029375598,0.5,2.5,1,Walking
0.3003891253495764,0.07419233154229035,1.7839068297408838,0.9475970464572311,0.5,0.5,1,Walking
0.1851692512334852,0.030115048891115576,1.4641819311097755,0.7877208988275379,0.5,1.0,1,Walking
0.2697266860971333,0.036067633787706214,1.5279131986550762,0.8986628159484826,1.5,1.0,1,Walking
0.2803063584877996,0.043120354085469506,1.6145723318434406,0.8149586558458395,1.5,1.5,1,Walking
0.19991601422784716,0.05226371693789093,1.7209024203256411,0.6454464779468253,1.5,1.5,1,Walking
0.1544690883249679,0.047467928751388895,1.6389172314817764,0.6953801530110649,0.5,0.5,1,Walking
0.20564814921457375,0.05429629205906427,1.6776702163096482,0.8332036539237015,0.5,0.5,1,Walking
0.21795299018816888,0.048404192011609656,1.758330969791697,0.8191421971819364,0.5,0.5,1,Walking
0.15698700111359762,0.038794612302977,1.7519856665713769,0.6712712553318124,0.5,2.5,1,Walking
0.205058272930964,0.03499810752215738,1.4584329591306084,0.5623550910491031,0.5,1.5,1,Walking
0.296775022664078,0.06026930701193762,1.5303132662778065,0.7440513316018041,0.5,1.0,1,Walking
0.32729961916017664,0.34529533269924484,1.7908040943444368,1.3511633450130467,0.5,0.5,1,Walking
0.218327767899372,0.18012649237460582,1.4658736790224243,1.9749204834259582,0.5,1.0,1,Walking
0.10936724986779427,0.11947154243293615,1.1208951546648276,1.9286706166889054,0.5,0.5,1,Walking
0.18095007490148018,0.14817969508815482,1.4237945422042568,1.234059469345957,0.5,0.5,1,Walking
0.07796578352332799,0.047714807533173566,1.853668410245318,0.7579972765041748,1.5,0.5,1,Walking
0.4296181294354719,0.09906863974373695,1.8726924558015505,0.8769031367031858,0.5,0.5,1,Walking
0.3064371214612382,0.0547514914054375,1.7515531543026779,0.7153596617543372,0.5,0.5,1,Walking
0.3087772741953747,0.04914724491297878,1.6074296220345792,0.6140690705372254,0.5,2.5,1,Walking
0.21344974302733824,0.04143969739450609,1.4652517814331376,0.6951155853271485,0.5,1.0,1,Walking
0.12419550119962915,0.034142143810019586,1.2673317452186903,0.5487250250997022,1.0,0.5,1,Walking
0.3171231920387252,0.025529024096126455,1.671686352930468,0.5588138724467716,0.5,0.5,1,Walking
0.25308263751967913,0.029902847749531322,1.958070351759375,0.658622081046924,0.5,0.5,1,Walking
0.18630611998334815,0.05282261611479146,1.4023978922953733,0.6248284438019618,0.5,1.0,1,Walking
0.25976278331760355,0.4585129880490201,1.491725964670474,1.4328356923768297,0.5,0.5,1,Walking
0.27207130078026803,0.06422264605586336,2.185706737315378,2.199133323384449,0.5,0.5,1,Walking
0.2998425290551423,0.07121532877258997,1.9655002955334968,1.9897091723466291,0.5,0.5,1,Walking
0.14670195498619412,0.16720465170761167,1.4269078542709877,1.4193042577058077,2.5,0.5,1,Walking
0.06884553656568791,0.07796638821492537,1.481360946495788,0.8764910465339198,2.0,1.5,1,Walking
0.24867885569565967,0.03385342016763966,1.4416709017259794,0.8749351292557549,0.5,0.5,1,Walking
0.11478780935088871,0.028472038715486852,1.3663150040532448,0.8190777834085747,1.5,2.5,1,Walking
0.06809592952374041,0.045226489657754436,1.1855560659164253,0.6869880272075534,1.5,0.5,1,Walking
0.07654051126731383,0.024092993101016744,1.3948324750701895,0.59674507555319,0.5,1.5,1,Walking
0.12521048038053068,0.021582420486592507,1.2831940648835285,0.5633371603884734,0.5,0.5,1,Walking
0.2667240789579346,0.020839558864007856,1.4621397497433404,0.5402481244073715,0.5,0.5,1,Walking
0.21043632437008508,0.024059682242360877,1.8048022478596115,0.5209706753585488,1.0,0.5,1,Walking
0.22035065662736159,0.08196372466085218,1.755794124606185,0.6649754665850196,2.0,0.5,1,Walking
0.37764512599200517,0.059854125601937855,1.8187182123569487,0.7596439974196255,0.5,0.5,1,Walking
0.2991421832817852,0.039117781039442065,1.564820695125198,0.7015065526403487,0.5,1.0,1,Walking
0.18525537644436743,0.07047590708984572,1.3439758153371881,0.9982926181191578,0.5,0.5,1,Walking
0.1695549805576653,0.11072613706379028,1.3605475252890655,1.0698127184808255,2.0,0.5,1,Walking
0.07819107204652344,0.12966815047270772,1.154569467670869,0.7585134514211677,0.5,0.5,1,Walking
0.05891761705229981,0.096087381765018,1.0305748545553535,0.8698172644875012,0.5,0.5,1,Walking
0.1146357679339969,0.06959579826936495,1.4982167861678675,1.301062175873667,0.5,0.5,1,Walking
0.18407242599729287,0.05694731225708764,1.0906477128442216,1.280990538590122,2.0,1.0,1,Walking
0.1720734661727348,0.06454693115122348,1.3063727060349617,1.173601235502865,2.0,0.5,1,Walking
0.14653569513041276,0.0461516720307378,1.3297703457102217,0.7991295382287353,1.0,0.5,1,Walking
0.18413620667634653,0.034487359913762096,1.4199864233748076,0.5367379461554811,1.5,1.0,1,Walking
0.1362037139746297,0.0383845462070176,1.4184373895867983,0.49690284525742756,2.0,1.5,1,Walking
0.1308753976911018,0.02143997598174492,1.638315286044871,0.5196580730518326,1.0,1.5,1,Walking
0.22949266320481074,0.024944235354784496,1.58040405272283,0.6374025489785708,0.5,1.0,1,Walking
0.21052950323196856,0.03918863626619385,1.4455089363857432,0.8047182080149651,1.5,2.0,1,Walking
0.08750797412123024,0.07103039937133,1.4666117296050245,0.6048792361421511,1.5,0.5,1,Walking
0.07786301323845446,0.04218139245992151,1.4348839508448108,0.4839946416020392,1.0,2.0,1,Walking
0.07629772762747487,0.06550837152098246,1.3946819523724239,0.8662244258867576,0.5,0.5,1,Walking
0.06308931508553982,0.05167303769420951,1.4263981086455133,0.9719150253641419,0.5,1.0,1,Walking
0.0801137446417616,0.05612922275749401,1.437870309346512,0.7506608893885277,2.5,1.0,1,Walking
0.06278331573962345,0.010611208307304616,1.1685339301548898,0.6495872283121571,3.0,0.5,1,Walking
0.0635246037956292,0.006299033740038544,1.1254409934566842,0.6339196320343763,0.5,0.5,1,Walking
0.18770670761911923,0.08841634709528236,1.1944734748745995,0.9026468761858996,1.5,0.5,1,Walking
0.12049096702813947,0.10282699222567317,1.5494402504656455,1.1507594592391979,1.5,1.0,1,Walking
0.19555780063659653,0.14287650151645412,1.6780876565444245,0.9619280634168536,2.0,1.5,1,Walking
0.2556173182487116,0.10014802001019374,1.4955994169271727,0.725703551969491,1.5,1.5,1,Walking
0.13975640151974209,0.05130899735728828,1.3452262003150808,0.6712282945693004,0.5,1.0,1,Walking
0.08330466038215764,0.1433015420481065,1.4882740273597772,0.9841520177584607,0.5,0.5,1,Walking
0.08874047962369133,0.08194204627787177,1.573754561845166,1.1388317401055246,2.5,1.0,1,Walking
0.2402099299378898,0.06729015529186577,1.8845546906978747,0.9520161975896917,0.5,1.0,1,Walking
0.28934033078194565,0.08849596210406886,1.8172675080741996,0.6734240151720587,0.5,0.5,1,Walking
0.2807296389026087,0.033924937937640405,1.669984403284214,0.5778557278576772,0.5,0.5,1,Walking
0.27384618247702885,0.2947451658977644,1.5117498773425186,1.1701460524555296,1.5,0.5,1,Walking
0.37629758365809474,0.1470990637320497,1.6433376684543903,1.8057072652783246,0.5,0.5,1,Walking
0.376802691761854,0.07485789124376528,1.7085947797037102,1.7388867933070287,0.5,0.5,1,Walking
0.06930373134703459,0.05372334539624928,1.3143172447057865,1.6742612620489672,1.0,0.5,1,Walking
0.05613983685817575,0.15671894189070643,1.42331835500795,1.4977438904275187,0.5,0.5,1,Walking
0.4054714321128253,0.11232858682459326,1.5692941280946004,1.6114055858645588,0.5,0.5,1,Walking
0.5045520660247156,0.20324040628186546,2.1124525304748487,1.4751343828812242,1.0,0.5,1,Walking
0.31948620104424097,0.042808240257345836,2.053701344722887,1.0106808182783424,1.5,1.5,1,Walking
0.18115869098545503,0.03764902254006522,2.0144112451508676,0.8613897157763131,2.0,0.5,1,Walking
0.15773178234876567,0.03144486956600267,1.7132678054126946,0.6433822801080532,0.5,1.0,1,Walking
0.0858851126922865,0.03501927594676467,1.4202228966143506,0.5501454069395549,0.5,0.5,1,Walking
0.08023179624940217,0.06745412459391839,1.624287190133319,0.7262167665921152,1.0,1.5,1,Walking
0.11197555473454489,0.05185519072066091,1.714161425971079,0.8099572926689871,0.5,1.5,1,Walking
0.11462295775545105,0.020013789342694627,1.740284002966255,0.5783637853118125,0.5,0.5,1,Walking
0.13208178895264694,0.04565062575324466,1.5379518908625025,0.6045561960770283,0.5,1.0,1,Walking
0.2114175131637804,0.13292636028275648,1.6031649043419927,1.134568904134212,0.5,0.5,1,Walking
0.22386432261960165,0.07937748265997885,1.6981241476708773,1.2469093831570353,0.5,0.5,1,Walking
0.12007306479244155,0.05566717233886115,1.4840650573464407,0.8538632437866182,1.0,0.5,1,Walking
0.06425534660593799,0.08739701081536663,1.2146908279421758,1.036971937706694,0.5,0.5,1,Walking
